platform,method,endpoint,summary,parameters (* required)
douyin,GET,/api/v1/demo/douyin/app/fetch_one_video,【Demo】抖音APP获取固定作品数据（1小时缓存）/[Demo] Fetch Douyin APP Fixed Video Data with Cache,
douyin,GET,/api/v1/demo/douyin/web/fetch_one_video,【Demo】抖音Web获取固定作品数据（1小时缓存）/[Demo] Fetch Douyin Web Fixed Video Data with Cache,
douyin,GET,/api/v1/douyin/app/v3/add_video_play_count,根据视频ID来增加作品的播放数/Increase the number of plays of the work according to the video ID,aweme_type* | item_id* | cookie
douyin,GET,/api/v1/douyin/app/v3/fetch_brand_hot_search_list,获取抖音品牌热榜分类数据/Get Douyin brand hot search list data,
douyin,GET,/api/v1/douyin/app/v3/fetch_brand_hot_search_list_detail,获取抖音品牌热榜具体分类数据/Get Douyin brand hot search list detail data,category_id*
douyin,GET,/api/v1/douyin/app/v3/fetch_hashtag_detail,获取指定话题的详情数据/Get details of specified hashtag,ch_id*
douyin,GET,/api/v1/douyin/app/v3/fetch_hashtag_video_list,获取指定话题的作品数据/Get video list of specified hashtag,ch_id* | cursor | sort_type | count
douyin,GET,/api/v1/douyin/app/v3/fetch_hot_search_list,获取抖音热搜榜数据/Get Douyin hot search list data,board_type | board_sub_type
douyin,GET,/api/v1/douyin/app/v3/fetch_live_hot_search_list,获取抖音直播热搜榜数据/Get Douyin live hot search list data,
douyin,POST,/api/v1/douyin/app/v3/fetch_multi_video,批量获取视频信息 V1/Batch Get Video Information V1,
douyin,POST,/api/v1/douyin/app/v3/fetch_multi_video_high_quality_play_url,批量获取视频的最高画质播放链接/Batch get the highest quality play URL of videos,
douyin,GET,/api/v1/douyin/app/v3/fetch_multi_video_statistics,"根据视频ID批量获取作品的统计数据（点赞数、下载数、播放数、分享数）/Get the statistical data of the Post according to the video ID (like count, download count, play count, share count)",aweme_ids*
douyin,POST,/api/v1/douyin/app/v3/fetch_multi_video_v2,批量获取视频信息 V2/Batch Get Video Information V2,
douyin,GET,/api/v1/douyin/app/v3/fetch_music_detail,获取指定音乐的详情数据/Get details of specified music,music_id*
douyin,GET,/api/v1/douyin/app/v3/fetch_music_hot_search_list,获取抖音音乐榜数据/Get Douyin music hot search list data,chart_type | cursor
douyin,GET,/api/v1/douyin/app/v3/fetch_music_video_list,获取指定音乐的视频列表数据/Get video list of specified music,music_id* | cursor | count
douyin,GET,/api/v1/douyin/app/v3/fetch_one_video,获取单个作品数据/Get single video data,aweme_id*
douyin,GET,/api/v1/douyin/app/v3/fetch_one_video_by_share_url,根据分享链接获取单个作品数据/Get single video data by sharing link,share_url*
douyin,GET,/api/v1/douyin/app/v3/fetch_one_video_v2,获取单个作品数据 V2/Get single video data V2,aweme_id*
douyin,GET,/api/v1/douyin/app/v3/fetch_one_video_v3,获取单个作品数据 V3 (无版权限制)/Get single video data V3 (No copyright restrictions),aweme_id*
douyin,GET,/api/v1/douyin/app/v3/fetch_series_detail,获取短剧详情信息/Get series detail,series_id*
douyin,GET,/api/v1/douyin/app/v3/fetch_series_video_list,获取短剧视频列表/Get series video list,series_id* | cursor
douyin,GET,/api/v1/douyin/app/v3/fetch_share_info_by_share_code,根据分享口令获取分享信息/Get share info by share code,share_code*
douyin,GET,/api/v1/douyin/app/v3/fetch_user_fans_list,获取用户粉丝列表/Get user fans list,sec_user_id | max_time | count
douyin,GET,/api/v1/douyin/app/v3/fetch_user_like_videos,获取用户喜欢作品数据/Get user like video data,sec_user_id* | max_cursor | counts
douyin,GET,/api/v1/douyin/app/v3/fetch_user_post_videos,获取用户主页作品数据/Get user homepage video data,sec_user_id* | max_cursor | count | sort_type | channel
douyin,GET,/api/v1/douyin/app/v3/fetch_user_series_list,获取用户短剧合集列表/Get user series list,user_id | sec_user_id | cursor
douyin,GET,/api/v1/douyin/app/v3/fetch_video_comment_replies,获取指定视频的评论回复数据/Get comment replies data of specified video,item_id* | comment_id* | cursor | count
douyin,GET,/api/v1/douyin/app/v3/fetch_video_comments,获取单个视频评论数据/Get single video comments data,aweme_id* | cursor | count
douyin,GET,/api/v1/douyin/app/v3/fetch_video_high_quality_play_url,获取视频的最高画质播放链接/Get the highest quality play URL of the video,aweme_id | share_url | region
douyin,GET,/api/v1/douyin/app/v3/fetch_video_mix_detail,获取抖音视频合集详情数据/Get Douyin video mix detail data,mix_id*
douyin,GET,/api/v1/douyin/app/v3/fetch_video_mix_post_list,获取抖音视频合集作品列表数据/Get Douyin video mix post list data,mix_id* | cursor | count
douyin,GET,/api/v1/douyin/app/v3/fetch_video_statistics,"根据视频ID获取作品的统计数据（点赞数、下载数、播放数、分享数）/Get the statistical data of the Post according to the video ID (like count, download count, play count, share count)",aweme_ids*
douyin,GET,/api/v1/douyin/app/v3/generate_douyin_short_url,生成抖音短链接/Generate Douyin short link,url*
douyin,GET,/api/v1/douyin/app/v3/generate_douyin_video_share_qrcode,生成抖音视频分享二维码/Generate Douyin video share QR code,object_id*
douyin,GET,/api/v1/douyin/app/v3/handler_user_profile,获取指定用户的信息/Get information of specified user,sec_user_id*
douyin,GET,/api/v1/douyin/app/v3/open_douyin_app_to_keyword_search,"生成抖音分享链接，唤起抖音APP，跳转指定关键词搜索结果/Generate Douyin share link, call Douyin APP, and jump to the specified keyword search result",keyword*
douyin,GET,/api/v1/douyin/app/v3/open_douyin_app_to_send_private_message,"生成抖音分享链接，唤起抖音APP，给指定用户发送私信/Generate Douyin share link, call Douyin APP, and send private messages to specified users",uid* | sec_uid*
douyin,GET,/api/v1/douyin/app/v3/open_douyin_app_to_user_profile,"生成抖音分享链接，唤起抖音APP，跳转指定用户主页/Generate Douyin share link, call Douyin APP, and jump to the specified user profile",uid* | sec_uid*
douyin,GET,/api/v1/douyin/app/v3/open_douyin_app_to_video_detail,"生成抖音分享链接，唤起抖音APP，跳转指定作品详情页/Generate Douyin share link, call Douyin APP, and jump to the specified video details page",aweme_id*
douyin,GET,/api/v1/douyin/app/v3/register_device,抖音APP注册设备/Douyin APP register device,proxy
douyin,GET,/api/v1/douyin/billboard/fetch_city_list,获取中国城市列表/Fetch Chinese city list,
douyin,GET,/api/v1/douyin/billboard/fetch_content_tag,获取垂类内容标签/Fetch vertical content tags,
douyin,GET,/api/v1/douyin/billboard/fetch_hot_account_fans_interest_account_list,获取粉丝兴趣作者 20个用户/Fetch fan interest author 20 users,sec_uid*
douyin,GET,/api/v1/douyin/billboard/fetch_hot_account_fans_interest_search_list,获取粉丝近3天搜索词 10个搜索词/Fetch fan interest search term in the last 3 days 10 search terms,sec_uid*
douyin,GET,/api/v1/douyin/billboard/fetch_hot_account_fans_interest_topic_list,获取粉丝近3天感兴趣的话题 10个话题/Fetch fan interest topic in the last 3 days 10 topics,sec_uid*
douyin,GET,/api/v1/douyin/billboard/fetch_hot_account_fans_portrait_list,获取粉丝画像/Fetch fan portrait,sec_uid* | option
douyin,GET,/api/v1/douyin/billboard/fetch_hot_account_item_analysis_list,获取账号作品分析-上周/Fetch account work analysis - last week,sec_uid*
douyin,POST,/api/v1/douyin/billboard/fetch_hot_account_list,获取热门账号/Fetch hot account list,
douyin,GET,/api/v1/douyin/billboard/fetch_hot_account_search_list,搜索用户名或抖音号/Fetch account search list,keyword* | cursor*
douyin,GET,/api/v1/douyin/billboard/fetch_hot_account_trends_list,获取账号粉丝数据趋势/Fetch account fan data trend,sec_uid* | option | date_window
douyin,GET,/api/v1/douyin/billboard/fetch_hot_calendar_detail,获取活动日历详情/Fetch activity calendar detail,calendar_id*
douyin,POST,/api/v1/douyin/billboard/fetch_hot_calendar_list,获取活动日历/Fetch activity calendar,
douyin,GET,/api/v1/douyin/billboard/fetch_hot_category_list,获取热点榜分类/Fetch hot list category,billboard_type* | snapshot_time | start_date | end_date | keyword
douyin,GET,/api/v1/douyin/billboard/fetch_hot_challenge_list,获取挑战热榜/Fetch hot challenge list,page* | page_size* | keyword
douyin,GET,/api/v1/douyin/billboard/fetch_hot_city_list,获取同城热点榜/Fetch city hot list,page* | page_size* | order* | city_code | sentence_tag | keyword
douyin,GET,/api/v1/douyin/billboard/fetch_hot_comment_word_list,获取作品评论分析-词云权重/Fetch work comment analysis word cloud weight,aweme_id*
douyin,GET,/api/v1/douyin/billboard/fetch_hot_item_trends_list,获取作品数据趋势/Fetch post data trend,aweme_id | option | date_window
douyin,GET,/api/v1/douyin/billboard/fetch_hot_rise_list,获取上升热点榜/Fetch rising hot list,page* | page_size* | order* | sentence_tag | keyword
douyin,POST,/api/v1/douyin/billboard/fetch_hot_total_high_fan_list,获取高涨粉率榜/Fetch high fan rate list,
douyin,POST,/api/v1/douyin/billboard/fetch_hot_total_high_like_list,获取高点赞率榜/Fetch high like rate list,
douyin,POST,/api/v1/douyin/billboard/fetch_hot_total_high_play_list,获取高完播率榜/Fetch high completion rate list,
douyin,POST,/api/v1/douyin/billboard/fetch_hot_total_high_search_list,获取热度飙升的搜索榜/Fetch search list with rising popularity,
douyin,POST,/api/v1/douyin/billboard/fetch_hot_total_high_topic_list,获取热度飙升的话题榜/Fetch topic list with rising popularity,
douyin,GET,/api/v1/douyin/billboard/fetch_hot_total_hot_word_detail_list,获取内容词详情/Fetch content word details,keyword* | word_id* | query_day*
douyin,POST,/api/v1/douyin/billboard/fetch_hot_total_hot_word_list,获取全部热门内容词/Fetch all hot content words,
douyin,GET,/api/v1/douyin/billboard/fetch_hot_total_list,获取热点总榜/Fetch total hot list,page* | page_size* | type* | snapshot_time | start_date | end_date | sentence_tag | keyword
douyin,POST,/api/v1/douyin/billboard/fetch_hot_total_low_fan_list,获取低粉爆款榜/Fetch low fan explosion list,
douyin,POST,/api/v1/douyin/billboard/fetch_hot_total_search_list,获取搜索热榜/Fetch search hot list,
douyin,POST,/api/v1/douyin/billboard/fetch_hot_total_topic_list,获取话题热榜/Fetch topic hot list,
douyin,POST,/api/v1/douyin/billboard/fetch_hot_total_video_list,获取视频热榜/Fetch video hot list,
douyin,GET,/api/v1/douyin/billboard/fetch_hot_user_portrait_list,获取作品点赞观众画像-仅限热门榜/Fetch work like audience portrait - hot list only,aweme_id* | option
douyin,GET,/api/v1/douyin/creator/fetch_creator_activity_detail,获取创作者活动详情/Get creator activity detail,activity_id*
douyin,GET,/api/v1/douyin/creator/fetch_creator_activity_list,获取创作者活动列表/Get creator activity list,start_time* | end_time*
douyin,GET,/api/v1/douyin/creator/fetch_creator_content_category,获取创作者内容创作合集分类/Get creator content creation category,
douyin,GET,/api/v1/douyin/creator/fetch_creator_content_course,获取创作者内容创作课程/Get creator content creation course,category_id* | order | limit | offset
douyin,GET,/api/v1/douyin/creator/fetch_creator_hot_challenge_billboard,获取创作者热门挑战榜单/Get creator hot challenge billboard,
douyin,GET,/api/v1/douyin/creator/fetch_creator_hot_course,获取创作者热门课程/Get creator hot course,order | limit | offset | category_id
douyin,GET,/api/v1/douyin/creator/fetch_creator_hot_music_billboard,获取创作者热门音乐榜单/Get creator hot music billboard,billboard_tag | order_key | time_filter
douyin,GET,/api/v1/douyin/creator/fetch_creator_hot_props_billboard,获取创作者热门道具榜单/Get creator hot props billboard,billboard_tag | order_key | time_filter
douyin,GET,/api/v1/douyin/creator/fetch_creator_hot_spot_billboard,获取创作者中心创作热点/Get creator hot spot billboard,billboard_tag | hot_search_type | city_code
douyin,GET,/api/v1/douyin/creator/fetch_creator_hot_topic_billboard,获取创作者热门话题榜单/Get creator hot topic billboard,billboard_tag | order_key | time_filter
douyin,GET,/api/v1/douyin/creator/fetch_creator_material_center_billboard,获取创作者中心热门视频榜单/Get creator material center billboard,billboard_tag | order_key | time_filter
douyin,GET,/api/v1/douyin/creator/fetch_creator_material_center_config,获取创作者中心配置/Get creator material center config,
douyin,GET,/api/v1/douyin/creator/fetch_creator_material_center_related,获取话题/热点相关视频/Get topic or hot spot related videos,query_id* | billboard_type | limit | offset
douyin,GET,/api/v1/douyin/creator/fetch_industry_category_config,获取行业分类配置/Get industry category config,
douyin,GET,/api/v1/douyin/creator/fetch_mission_task_list,获取商单任务列表/Get mission task list,cursor | limit | mission_type | tab_scene | industry_lv1 | industry_lv2 | platform_channel | pay_type | greater_than_cost_progress | publish_time_start | quick_selector_scene | keyword
douyin,GET,/api/v1/douyin/creator/fetch_user_search,搜索用户/Search users,user_name*
douyin,GET,/api/v1/douyin/creator/fetch_video_danmaku_list,获取作品弹幕列表/Get video danmaku list,item_id* | count | offset | order_type | is_blocked
douyin,POST,/api/v1/douyin/creator_v2/fetch_author_diagnosis,获取创作者账号诊断/Fetch author diagnosis,
douyin,POST,/api/v1/douyin/creator_v2/fetch_item_analysis_involved_vertical,获取作品垂类标签/Fetch item analysis involved vertical,
douyin,POST,/api/v1/douyin/creator_v2/fetch_item_analysis_item_performance,获取投稿表现数据/Fetch item analysis item performance,
douyin,POST,/api/v1/douyin/creator_v2/fetch_item_analysis_overview,获取投稿分析概览/Fetch item analysis overview,
douyin,POST,/api/v1/douyin/creator_v2/fetch_item_audience_others,获取作品观众其他数据分析/Fetch item audience others analysis,
douyin,POST,/api/v1/douyin/creator_v2/fetch_item_audience_portrait,获取作品观众数据分析/Fetch item audience portrait,
douyin,POST,/api/v1/douyin/creator_v2/fetch_item_danmaku_analysis,获取作品弹幕分析/Fetch item bullet analysis,
douyin,POST,/api/v1/douyin/creator_v2/fetch_item_list,获取投稿作品列表/Fetch item list,
douyin,POST,/api/v1/douyin/creator_v2/fetch_item_list_download,导出投稿作品列表/Download item list,
douyin,POST,/api/v1/douyin/creator_v2/fetch_item_overview_data,获取作品总览数据/Fetch item overview data,
douyin,POST,/api/v1/douyin/creator_v2/fetch_item_play_source,获取作品流量来源统计/Fetch item play source statistics,
douyin,POST,/api/v1/douyin/creator_v2/fetch_item_search_keyword,获取作品搜索关键词统计/Fetch item search keywords statistics,
douyin,POST,/api/v1/douyin/creator_v2/fetch_item_watch_trend,获取作品观看趋势分析/Fetch item watch trend analysis,
douyin,POST,/api/v1/douyin/creator_v2/fetch_live_room_history_list,获取直播场次历史记录/Fetch live room history list,
douyin,POST,/api/v1/douyin/douplus/calculate_cost,DOU+成本计算/DOU+ cost estimation,
douyin,POST,/api/v1/douyin/douplus/fetch_analyse_detail,投放数据明细/Delivery analysis detail,
douyin,POST,/api/v1/douyin/douplus/fetch_analyse_graph,投放数据趋势图/Delivery analysis trend graph,
douyin,POST,/api/v1/douyin/douplus/fetch_analyse_overview,投放数据概览(账号/视频/直播)/Delivery analysis overview,
douyin,POST,/api/v1/douyin/douplus/fetch_delivery_effect_estimate,获取DOU+预计投放效果/Get DOU+ estimated delivery results,
douyin,POST,/api/v1/douyin/douplus/fetch_promotable_item_list,获取可推广作品列表(含点赞评论量)/Get promotable item list (with like & comment counts),
douyin,POST,/api/v1/douyin/douplus/fetch_promoted_accounts,获取投放过的账号/Get promoted accounts,
douyin,POST,/api/v1/douyin/douplus/fetch_sec_token,获取DOU+ POST请求所需的sec_token/Get DOU+ sec_token for POST requests,
douyin,POST,/api/v1/douyin/douplus/fetch_talent_categories,获取达人分类/Get talent categories,
douyin,POST,/api/v1/douyin/douplus/fetch_talents_by_category,按分类搜索达人/Search talents by category,
douyin,POST,/api/v1/douyin/douplus/fetch_user_posts,获取用户主页作品/Get user homepage posts,
douyin,POST,/api/v1/douyin/douplus/fetch_video_detail,获取视频详情(按ID或链接)/Get video detail (by id or link),
douyin,POST,/api/v1/douyin/douplus/fetch_video_ranking,获取 DOU+ 视频排行榜/Get DOU+ video ranking,
douyin,POST,/api/v1/douyin/douplus/search_live_room,搜索直播间(抖音号/昵称)/Search live rooms (by Douyin ID or nickname),
douyin,POST,/api/v1/douyin/douplus/search_user,搜索 DOU+ 用户/Search DOU+ user,
douyin,POST,/api/v1/douyin/douplus/search_user_v2,搜索用户 V2/Search user V2,
douyin,POST,/api/v1/douyin/douplus/search_video,搜索视频(按标题)/Search videos (by title),
douyin,GET,/api/v1/douyin/index/fetch_all_area,获取所有地区列表/Get all area list,
douyin,GET,/api/v1/douyin/index/fetch_all_valid_date,获取所有有效日期/Get all valid dates,
douyin,POST,/api/v1/douyin/index/fetch_brand_cycles,获取品牌周期数据/Get brand cycles,brand_name* | start_date* | end_date* | app_name
douyin,POST,/api/v1/douyin/index/fetch_brand_hot_videos_time_scope,热门视频时间范围/Brand hot videos time scope,
douyin,POST,/api/v1/douyin/index/fetch_brand_initiative_rank_weekly,获取品牌主动排行周榜/Get brand initiative rank weekly,brand_name* | start_date* | end_date* | app_name
douyin,POST,/api/v1/douyin/index/fetch_brand_lines,获取品牌趋势线/Get brand trend lines,brand_name* | start_date* | end_date* | app_name
douyin,POST,/api/v1/douyin/index/fetch_brand_radar_chart,获取品牌雷达图/Get brand radar chart,brand_name* | start_date* | end_date* | app_name
douyin,POST,/api/v1/douyin/index/fetch_brand_suggest,品牌搜索建议/Brand search suggest,keyword*
douyin,POST,/api/v1/douyin/index/fetch_brand_valid_info,获取品牌指数/Get brand index,keyword_list*
douyin,POST,/api/v1/douyin/index/fetch_content_author_portrait,创作者画像/Content author portrait,tag_id* | period | end_date*
douyin,POST,/api/v1/douyin/index/fetch_content_consume_trend,消费趋势/Content consume trend,tag_id* | start_date* | end_date*
douyin,POST,/api/v1/douyin/index/fetch_content_consumer_portrait,消费者画像/Content consumer portrait,tag_id* | period | end_date*
douyin,POST,/api/v1/douyin/index/fetch_content_creative_duration,创作时长分布/Content creative duration,tag_id* | period | end_date*
douyin,POST,/api/v1/douyin/index/fetch_content_creative_keyword_items,关键词相关视频/Creative keyword related items,tag_id* | period | end_date* | keyword*
douyin,POST,/api/v1/douyin/index/fetch_content_creative_keywords,创作热门关键词/Content creative keywords,tag_id* | period | end_date*
douyin,POST,/api/v1/douyin/index/fetch_content_creative_topic,创作热门话题/Content creative topic,tag_id* | period | end_date* | rank_type
douyin,POST,/api/v1/douyin/index/fetch_content_interact_trend,互动趋势/Content interact trend,tag_id* | start_date* | end_date*
douyin,GET,/api/v1/douyin/index/fetch_content_publish_trend,内容发布趋势/Content publish trend,tag_id* | start_date* | end_date*
douyin,GET,/api/v1/douyin/index/fetch_content_valid_date,创作指南有效日期/Get content valid date,
douyin,GET,/api/v1/douyin/index/fetch_current_hot_topic,获取实时热点排行/Get current hot topics,
douyin,POST,/api/v1/douyin/index/fetch_daren_compare_users_stable,达人趋势对比/Daren compare users,user_list* | days
douyin,POST,/api/v1/douyin/index/fetch_daren_great_item_mile_info,获取达人核心指标/Get daren core metrics,user_id*
douyin,POST,/api/v1/douyin/index/fetch_daren_great_user_fans_info,获取达人粉丝分析/Get daren fans analysis,user_id*
douyin,POST,/api/v1/douyin/index/fetch_daren_great_user_top_video,获取达人视频/Get daren top videos,user_id* | start_date* | end_date*
douyin,POST,/api/v1/douyin/index/fetch_daren_similar_users,获取相似达人/Get similar daren,user_id*
douyin,POST,/api/v1/douyin/index/fetch_daren_sug_great_user_list,达人搜索建议/Daren search suggest,keyword* | total
douyin,GET,/api/v1/douyin/index/fetch_encrypt_user_id,抖音 uid 转加密 user_id/Encrypt Douyin uid to user_id,uid*
douyin,POST,/api/v1/douyin/index/fetch_get_user_sub_word,获取用户订阅关键词/Get user subscribed keywords,
douyin,GET,/api/v1/douyin/index/fetch_hot_detail,获取热点详情分析/Get hot topic detail,topic_name*
douyin,GET,/api/v1/douyin/index/fetch_hot_trend_word,获取热门推荐词/Get hot trend words,app_name | type
douyin,GET,/api/v1/douyin/index/fetch_hot_words,获取热门关键词/Get hot words,app_name
douyin,GET,/api/v1/douyin/index/fetch_insight_get_rec,获取报告相关推荐/Get related insight recommendations,report_id*
douyin,GET,/api/v1/douyin/index/fetch_insight_recommend,获取推荐报告/Get recommended insight reports,
douyin,POST,/api/v1/douyin/index/fetch_item_analysis,获取视频对比分析/Get video comparison analysis,item_id* | start_date* | end_date*
douyin,POST,/api/v1/douyin/index/fetch_item_base,获取视频详情/Get video detail,item_id*
douyin,GET,/api/v1/douyin/index/fetch_item_filter_options,获取视频搜索筛选选项/Get video search filter options,
douyin,POST,/api/v1/douyin/index/fetch_item_index,获取视频指数趋势/Get video index trend,item_id* | start_date* | end_date*
douyin,POST,/api/v1/douyin/index/fetch_item_index_interpret,获取视频指数解读/Get video index interpretation,item_id* | start_date* | end_date*
douyin,POST,/api/v1/douyin/index/fetch_item_query,视频搜索结果/Video search results,query* | category_id | date_type | label_type | duration_type
douyin,POST,/api/v1/douyin/index/fetch_item_sug,视频搜索建议/Video search suggest,query*
douyin,POST,/api/v1/douyin/index/fetch_item_user_profile,获取视频观众分析/Get video audience profile,item_id* | start_date* | end_date*
douyin,POST,/api/v1/douyin/index/fetch_keyword_valid_date,获取关键词有效日期/Get keyword valid date,keyword_list*
douyin,POST,/api/v1/douyin/index/fetch_multi_keyword_hot_trend,获取多关键词热度趋势/Get multi-keyword hot trend,keyword_list* | start_date* | end_date* | app_name | region
douyin,POST,/api/v1/douyin/index/fetch_multi_keyword_interpretation,获取多关键词解读/Get multi-keyword interpretation,keyword_list* | start_date* | end_date* | app_name | region
douyin,POST,/api/v1/douyin/index/fetch_portrait,获取人群画像/Get crowd portrait,keyword* | start_date* | end_date* | app_name
douyin,POST,/api/v1/douyin/index/fetch_relation_word,获取关联词分析/Get relation word analysis,keyword* | start_date* | end_date* | app_name
douyin,GET,/api/v1/douyin/index/fetch_report_detail,获取报告详情/Get report detail,report_id*
douyin,POST,/api/v1/douyin/index/fetch_report_search,搜索趋势报告/Search trend reports,current_page | page_size | type | business | report_time | search | category
douyin,POST,/api/v1/douyin/index/fetch_topic_query,话题搜索结果/Topic search results,keyword* | start_date* | end_date* | app_name
douyin,POST,/api/v1/douyin/index/fetch_topic_suggest,话题搜索建议/Topic search suggest,keyword* | app_name
douyin,GET,/api/v1/douyin/index/fetch_valid_date_for_relation,获取关联分析有效日期/Get valid date for relation,
douyin,POST,/api/v1/douyin/search/fetch_challenge_search_v1,获取话题搜索 V1/Fetch hashtag search V1,
douyin,POST,/api/v1/douyin/search/fetch_challenge_search_v2,获取话题搜索 V2/Fetch hashtag search V2,
douyin,POST,/api/v1/douyin/search/fetch_challenge_suggest,获取话题推荐搜索/Fetch hashtag suggestions,
douyin,POST,/api/v1/douyin/search/fetch_discuss_search,获取讨论搜索/Fetch discussion search,
douyin,POST,/api/v1/douyin/search/fetch_experience_search,获取经验搜索/Fetch experience search,
douyin,POST,/api/v1/douyin/search/fetch_general_search_v1,获取综合搜索 V1/Fetch general search V1,
douyin,POST,/api/v1/douyin/search/fetch_general_search_v2,获取综合搜索 V2/Fetch general search V2,
douyin,POST,/api/v1/douyin/search/fetch_general_search_v3,获取综合搜索 V3/Fetch general search V3,
douyin,POST,/api/v1/douyin/search/fetch_image_search,获取图片搜索/Fetch image search,
douyin,POST,/api/v1/douyin/search/fetch_image_search_v3,获取图文搜索 V3/Fetch image-text search V3,
douyin,POST,/api/v1/douyin/search/fetch_live_search_v2,获取直播搜索 V2/Fetch live search V2,
douyin,POST,/api/v1/douyin/search/fetch_multi_search,获取多重搜索/Fetch multi-type search,
douyin,POST,/api/v1/douyin/search/fetch_music_search,获取音乐搜索/Fetch music search,
douyin,POST,/api/v1/douyin/search/fetch_school_search,获取学校搜索/Fetch school search,
douyin,POST,/api/v1/douyin/search/fetch_search_suggest,获取搜索关键词推荐/Fetch search keyword suggestions,
douyin,POST,/api/v1/douyin/search/fetch_search_suggest_v2,获取搜索关键词推荐 V2/Fetch search keyword suggestions V2,
douyin,POST,/api/v1/douyin/search/fetch_user_search,获取用户搜索/Fetch user search,
douyin,POST,/api/v1/douyin/search/fetch_user_search_v2,获取用户搜索 V2/Fetch user search V2,
douyin,POST,/api/v1/douyin/search/fetch_video_search_v1,获取视频搜索 V1/Fetch video search V1,
douyin,POST,/api/v1/douyin/search/fetch_video_search_v2,获取视频搜索 V2/Fetch video search V2,
douyin,POST,/api/v1/douyin/search/fetch_video_search_v3,获取视频搜索 V3/Fetch video search V3,
douyin,POST,/api/v1/douyin/search/fetch_video_search_v4,获取视频搜索 V4/Fetch video search V4,
douyin,POST,/api/v1/douyin/search/fetch_video_search_v5,获取视频搜索 V5/Fetch video search V5,
douyin,GET,/api/v1/douyin/web/douyin_live_room,提取直播间弹幕/Extract live room danmaku,live_room_url* | danmaku_type*
douyin,GET,/api/v1/douyin/web/encrypt_uid_to_sec_user_id,加密用户uid到sec_user_id/Encrypt user uid to sec_user_id,uid*
douyin,GET,/api/v1/douyin/web/fetch_batch_user_profile_v1,获取批量用户信息(最多10个)/Get batch user profile (up to 10),sec_user_ids*
douyin,GET,/api/v1/douyin/web/fetch_batch_user_profile_v2,获取批量用户信息(最多50个)/Get batch user profile (up to 50),sec_user_ids*
douyin,GET,/api/v1/douyin/web/fetch_cartoon_aweme,二次元作品推荐/Anime Video,count* | refresh_index | cookie
douyin,POST,/api/v1/douyin/web/fetch_challenge_posts,话题作品/Challenge Posts,
douyin,GET,/api/v1/douyin/web/fetch_douyin_web_guest_cookie,获取抖音Web的游客Cookie/Get the guest Cookie of Douyin Web,user_agent*
douyin,GET,/api/v1/douyin/web/fetch_food_aweme,美食作品推荐/Food Video,count* | refresh_index | cookie
douyin,GET,/api/v1/douyin/web/fetch_game_aweme,游戏作品推荐/Game Video,count* | refresh_index | cookie
douyin,POST,/api/v1/douyin/web/fetch_home_feed,获取首页推荐数据/Get home feed data,
douyin,GET,/api/v1/douyin/web/fetch_hot_search_result,获取抖音热榜数据/Get Douyin hot search results,
douyin,GET,/api/v1/douyin/web/fetch_knowledge_aweme,知识作品推荐/Knowledge Video,count* | refresh_index | cookie
douyin,GET,/api/v1/douyin/web/fetch_live_gift_ranking,获取直播间送礼用户排行榜/Get live room gift user ranking,room_id* | rank_type
douyin,GET,/api/v1/douyin/web/fetch_live_im_fetch,抖音直播间弹幕参数获取/Douyin live room danmaku parameters,room_id* | user_unique_id*
douyin,GET,/api/v1/douyin/web/fetch_live_room_product_result,抖音直播间商品信息/Douyin live room product information,room_id* | author_id* | offset | limit
douyin,POST,/api/v1/douyin/web/fetch_multi_video,批量获取视频信息/Batch Get Video Information,
douyin,POST,/api/v1/douyin/web/fetch_multi_video_high_quality_play_url,批量获取视频的最高画质播放链接/Batch get the highest quality play URL of videos,
douyin,GET,/api/v1/douyin/web/fetch_music_aweme,音乐作品推荐/Music Video,count* | refresh_index | cookie
douyin,GET,/api/v1/douyin/web/fetch_one_video,获取单个作品数据/Get single video data,aweme_id* | need_anchor_info
douyin,GET,/api/v1/douyin/web/fetch_one_video_by_share_url,根据分享链接获取单个作品数据/Get single video data by sharing link,share_url*
douyin,GET,/api/v1/douyin/web/fetch_one_video_danmaku,获取单个作品视频弹幕数据/Get single video danmaku data,item_id* | duration* | end_time* | start_time*
douyin,GET,/api/v1/douyin/web/fetch_one_video_v2,获取单个作品数据 V2/Get single video data V2,aweme_id*
douyin,POST,/api/v1/douyin/web/fetch_query_user,查询抖音用户基本信息/Query Douyin user basic information,
douyin,GET,/api/v1/douyin/web/fetch_related_posts,获取相关作品推荐数据/Get related posts recommendation data,aweme_id* | refresh_index | count
douyin,GET,/api/v1/douyin/web/fetch_series_aweme,短剧作品/Series Video,offset* | count* | content_type* | cookie
douyin,POST,/api/v1/douyin/web/fetch_user_collection_videos,获取用户收藏作品数据/Get user collection video data,
douyin,POST,/api/v1/douyin/web/fetch_user_collects,获取用户收藏夹/Get user collection,
douyin,GET,/api/v1/douyin/web/fetch_user_collects_videos,获取用户收藏夹数据/Get user collection data,collects_id* | max_cursor | counts
douyin,GET,/api/v1/douyin/web/fetch_user_fans_list,获取用户粉丝列表/Get user fans list,sec_user_id | max_time | count | source_type
douyin,GET,/api/v1/douyin/web/fetch_user_following_list,获取用户关注列表/Get user following list,sec_user_id | max_time | count | source_type
douyin,POST,/api/v1/douyin/web/fetch_user_like_videos,获取用户喜欢作品数据/Get user like video data,
douyin,GET,/api/v1/douyin/web/fetch_user_live_info_by_uid,使用UID获取用户开播信息/Get user live information by UID,uid*
douyin,GET,/api/v1/douyin/web/fetch_user_live_videos,获取用户直播流数据/Get user live video data,webcast_id*
douyin,GET,/api/v1/douyin/web/fetch_user_live_videos_by_room_id_v2,通过room_id获取指定用户的直播流数据 V2/Gets the live stream data of the specified user by room_id V2,room_id*
douyin,GET,/api/v1/douyin/web/fetch_user_live_videos_by_sec_uid,通过sec_uid获取指定用户的直播流数据/Get live video data of specified user by sec_uid,sec_uid*
douyin,GET,/api/v1/douyin/web/fetch_user_mix_videos,获取用户合辑作品数据/Get user mix video data,mix_id* | max_cursor | counts
douyin,GET,/api/v1/douyin/web/fetch_user_post_videos,获取用户主页作品数据/Get user homepage video data,sec_user_id* | max_cursor | count | filter_type | cookie
douyin,GET,/api/v1/douyin/web/fetch_user_profile_by_short_id,使用Short ID获取用户信息/Get user information by Short ID,short_id*
douyin,GET,/api/v1/douyin/web/fetch_user_profile_by_uid,使用UID获取用户信息/Get user information by UID,uid*
douyin,GET,/api/v1/douyin/web/fetch_video_channel_result,抖音视频频道数据/Douyin video channel data,tag_id* | count | refresh_index
douyin,GET,/api/v1/douyin/web/fetch_video_comment_replies,获取指定视频的评论回复数据/Get comment replies data of specified video,item_id* | comment_id* | cursor | count
douyin,GET,/api/v1/douyin/web/fetch_video_comments,获取单个视频评论数据/Get single video comments data,aweme_id* | cursor | count
douyin,GET,/api/v1/douyin/web/fetch_video_high_quality_play_url,获取视频的最高画质播放链接/Get the highest quality play URL of the video,aweme_id | share_url | region
douyin,POST,/api/v1/douyin/web/generate_a_bogus,使用接口网址生成A-Bogus参数/Generate A-Bogus parameter using API URL,
douyin,GET,/api/v1/douyin/web/generate_real_msToken,生成真实msToken/Generate real msToken,
douyin,GET,/api/v1/douyin/web/generate_s_v_web_id,生成s_v_web_id/Generate s_v_web_id,
douyin,GET,/api/v1/douyin/web/generate_ttwid,生成ttwid/Generate ttwid,user_agent
douyin,GET,/api/v1/douyin/web/generate_verify_fp,生成verify_fp/Generate verify_fp,
douyin,GET,/api/v1/douyin/web/generate_wss_xb_signature,生成弹幕xb签名/Generate barrage xb signature,user_agent* | room_id* | user_unique_id*
douyin,POST,/api/v1/douyin/web/generate_x_bogus,使用接口网址生成X-Bogus参数/Generate X-Bogus parameter using API URL,
douyin,POST,/api/v1/douyin/web/get_all_aweme_id,提取列表作品id/Extract list video id,
douyin,POST,/api/v1/douyin/web/get_all_sec_user_id,提取列表用户id/Extract list user id,
douyin,POST,/api/v1/douyin/web/get_all_webcast_id,提取列表直播间号/Extract list webcast id,
douyin,GET,/api/v1/douyin/web/get_aweme_id,提取单个作品id/Extract single video id,url*
douyin,GET,/api/v1/douyin/web/get_sec_user_id,提取单个用户id/Extract single user id,url*
douyin,GET,/api/v1/douyin/web/get_webcast_id,提取直播间号/Extract webcast id,url*
douyin,GET,/api/v1/douyin/web/handler_shorten_url,生成短链接,target_url*
douyin,GET,/api/v1/douyin/web/handler_user_profile,使用sec_user_id获取指定用户的信息/Get information of specified user by sec_user_id,sec_user_id*
douyin,GET,/api/v1/douyin/web/handler_user_profile_v2,使用unique_id（抖音号）获取指定用户的信息/Get information of specified user by unique_id,unique_id*
douyin,GET,/api/v1/douyin/web/handler_user_profile_v3,根据抖音uid获取指定用户的信息/Get information of specified user by uid,uid*
douyin,GET,/api/v1/douyin/web/handler_user_profile_v4,"根据sec_user_id获取指定用户的信息（性别，年龄，直播等级、牌子）/Get information of specified user by sec_user_id (gender, age, live level、brand)",sec_user_id*
douyin,GET,/api/v1/douyin/web/webcast_id_2_room_id,直播间号转房间号/Webcast id to room id,webcast_id*
douyin,GET,/api/v1/douyin/xingtu/author_content_hot_comment_keywords_v1,获取kol热词分析内容V1/Get Author Content Hot Comment Keywords V1,kolId*
douyin,GET,/api/v1/douyin/xingtu/author_hot_comment_tokens_v1,获取kol热词分析评论V1/Get Author Hot Comment Tokens V1,kolId*
douyin,GET,/api/v1/douyin/xingtu/get_sign_image,获取加密图片解析/Get Sign Image,uri* | durationTS | format
douyin,GET,/api/v1/douyin/xingtu/get_xingtu_kolid_by_sec_user_id,根据抖音sec_user_id获取游客星图kolid/Get XingTu kolid by Douyin sec_user_id,sec_user_id*
douyin,GET,/api/v1/douyin/xingtu/get_xingtu_kolid_by_uid,根据抖音用户ID获取游客星图kolid/Get XingTu kolid by Douyin User ID,uid*
douyin,GET,/api/v1/douyin/xingtu/get_xingtu_kolid_by_unique_id,根据抖音号获取游客星图kolid/Get XingTu kolid by Douyin unique_id,unique_id*
douyin,GET,/api/v1/douyin/xingtu/kol_audience_portrait_v1,获取kol观众画像V1/Get kol Audience Portrait V1,kolId*
douyin,GET,/api/v1/douyin/xingtu/kol_base_info_v1,获取kol基本信息V1/Get kol Base Info V1,kolId* | platformChannel*
douyin,GET,/api/v1/douyin/xingtu/kol_conversion_ability_analysis_v1,获取kol转化能力分析V1/Get kol Conversion Ability Analysis V1,kolId* | _range*
douyin,GET,/api/v1/douyin/xingtu/kol_convert_video_display_v1,获取kol转化视频展示V1/Get kol Convert Video Display V1,kolId* | detailType* | page*
douyin,GET,/api/v1/douyin/xingtu/kol_cp_info_v1,获取kol性价比能力分析V1/Get kol Cp Info V1,kolId*
douyin,GET,/api/v1/douyin/xingtu/kol_daily_fans_v1,获取kol粉丝趋势V1/Get kol Daily Fans V1,kolId* | startDate* | endDate*
douyin,GET,/api/v1/douyin/xingtu/kol_data_overview_v1,获取kol数据概览V1/Get kol Data Overview V1,kolId* | _type* | _range* | flowType* | onlyAssign
douyin,GET,/api/v1/douyin/xingtu/kol_fans_portrait_v1,获取kol粉丝画像V1/Get kol Fans Portrait V1,kolId* | fansType
douyin,GET,/api/v1/douyin/xingtu/kol_link_struct_v1,获取kol连接用户V1/Get kol Link Struct V1,kolId*
douyin,GET,/api/v1/douyin/xingtu/kol_rec_videos_v1,获取kol内容表现V1/Get kol Rec Videos V1,kolId*
douyin,GET,/api/v1/douyin/xingtu/kol_service_price_v1,获取kol服务报价V1/Get kol Service Price V1,kolId* | platformChannel*
douyin,GET,/api/v1/douyin/xingtu/kol_touch_distribution_v1,获取kol连接用户来源V1/Get kol Touch Distribution V1,kolId*
douyin,GET,/api/v1/douyin/xingtu/kol_video_performance_v1,获取kol视频表现V1/Get kol Video Performance V1,kolId* | onlyAssign*
douyin,GET,/api/v1/douyin/xingtu/kol_xingtu_index_v1,获取kol星图指数V1/Get kol Xingtu Index V1,kolId*
douyin,GET,/api/v1/douyin/xingtu/search_kol_v1,关键词搜索kol V1/Search Kol V1,keyword* | platformSource* | page*
douyin,GET,/api/v1/douyin/xingtu/search_kol_v2,高级搜索kol V2/Search Kol Advanced V2,keyword* | followerRange | contentTag
douyin,GET,/api/v1/douyin/xingtu_v2/get_author_audience_distribution,获取创作者受众画像分布/Get Author Audience Distribution,o_author_id* | platform_source | platform_channel | link_type*
douyin,GET,/api/v1/douyin/xingtu_v2/get_author_base_info,获取创作者基本信息/Get Author Base Info,o_author_id* | platform_source | platform_channel | recommend | need_sec_uid | need_linkage_info
douyin,GET,/api/v1/douyin/xingtu_v2/get_author_business_card_info,获取创作者商业卡片信息/Get Author Business Card Info,o_author_id*
douyin,GET,/api/v1/douyin/xingtu_v2/get_author_commerce_spread_info,获取创作者性价比与效果预估/Get Author Commerce Spread Info,o_author_id*
douyin,GET,/api/v1/douyin/xingtu_v2/get_author_content_hot_keywords,获取创作者内容热词/Get Author Content Hot Keywords,author_id* | keyword_type
douyin,GET,/api/v1/douyin/xingtu_v2/get_author_convert_ability,获取创作者转化能力/Get Author Convert Ability,o_author_id* | platform_source | platform_channel | industry_id | time_range
douyin,GET,/api/v1/douyin/xingtu_v2/get_author_convert_videos_or_products,获取创作者转化视频/商品明细/Get Author Convert Videos or Products,o_author_id* | platform_source | platform_channel | detail_type | industry_id | time_range | page
douyin,GET,/api/v1/douyin/xingtu_v2/get_author_cp_info,获取创作者CP合作信息/Get Author CP Info,o_author_id* | platform_source | platform_channel
douyin,GET,/api/v1/douyin/xingtu_v2/get_author_daily_fans,获取创作者每日粉丝趋势/Get Author Daily Fans,author_id* | platform_source | start_date | end_date | author_type
douyin,GET,/api/v1/douyin/xingtu_v2/get_author_daily_link,获取创作者连接指标日趋势/Get Author Daily Link,o_author_id* | link_type* | start_date* | end_date* | platform_source | platform_channel | industry_id
douyin,GET,/api/v1/douyin/xingtu_v2/get_author_daily_link_score,获取创作者连接指数日趋势/Get Author Daily Link Score,o_author_id* | link_score_type* | start_date* | end_date* | platform_source | platform_channel | industry_id
douyin,GET,/api/v1/douyin/xingtu_v2/get_author_fans_distribution,获取创作者粉丝画像分布/Get Author Fans Distribution,o_author_id* | platform_source | platform_channel
douyin,GET,/api/v1/douyin/xingtu_v2/get_author_homepage_videos,获取创作者主页作品列表/Get Author Homepage Videos,o_author_id* | page | is_star_item | start_time | end_time
douyin,GET,/api/v1/douyin/xingtu_v2/get_author_hot_comment_tokens,获取创作者评论热词/Get Author Hot Comment Tokens,author_id* | num | without_emoji
douyin,GET,/api/v1/douyin/xingtu_v2/get_author_link_info,获取创作者星图连接指数/Get Author Link Info,o_author_id* | platform_source | platform_channel | industy_tag
douyin,GET,/api/v1/douyin/xingtu_v2/get_author_local_info,获取创作者位置信息/Get Author Local Info,o_author_id* | platform_source | platform_channel | time_range
douyin,GET,/api/v1/douyin/xingtu_v2/get_author_market_fields,获取达人广场筛选字段/Get Author Market Fields,market_scene
douyin,GET,/api/v1/douyin/xingtu_v2/get_author_rec_videos_v2,获取创作者推荐视频/Get Author Recommended Videos V2,o_author_id* | platform_source | platform_channel
douyin,GET,/api/v1/douyin/xingtu_v2/get_author_show_items,获取创作者视频列表/Get Author Show Items,o_author_id* | platform_source | platform_channel | only_assign | flow_type
douyin,GET,/api/v1/douyin/xingtu_v2/get_author_spread_info,获取创作者传播价值/Get Author Spread Info,o_author_id* | platform_source | platform_channel | type | flow_type | only_assign | range
douyin,GET,/api/v1/douyin/xingtu_v2/get_author_spread_videos,获取创作者传播表现视频/Get Author Spread Videos,o_author_id* | platform_source | platform_channel
douyin,GET,/api/v1/douyin/xingtu_v2/get_author_touch_distribution,获取创作者视频触达分布/Get Author Touch Distribution,o_author_id* | platform_source | platform_channel
douyin,GET,/api/v1/douyin/xingtu_v2/get_author_video_distribution,获取创作者视频内容分布/Get Author Video Distribution,o_author_id* | platform_source | platform_channel
douyin,GET,/api/v1/douyin/xingtu_v2/get_content_trend_guide,获取内容趋势指南/Get Content Trend Guide,
douyin,GET,/api/v1/douyin/xingtu_v2/get_demander_mcn_list,搜索MCN机构列表/Get Demander MCN List,mcn_name | page | order_by
douyin,GET,/api/v1/douyin/xingtu_v2/get_excellent_case_category_list,获取优秀行业分类列表/Get Excellent Case Category List,platform_source
douyin,GET,/api/v1/douyin/xingtu_v2/get_ip_activity_detail,获取星图IP活动详情/Get IP Activity Detail,id*
douyin,GET,/api/v1/douyin/xingtu_v2/get_ip_activity_industry_list,获取星图IP日历行业列表/Get IP Activity Industry List,
douyin,POST,/api/v1/douyin/xingtu_v2/get_ip_activity_list,获取星图IP日历活动列表/Get IP Activity List,
douyin,GET,/api/v1/douyin/xingtu_v2/get_item_emotion,获取视频评论情感分析/Get Item Emotion,item_id | board_id | challenge_id
douyin,GET,/api/v1/douyin/xingtu_v2/get_item_hot_comment_keywords,获取视频评论关键词分析/Get Item Hot Comment Keywords,keyword_type | item_id | board_id | challenge_id
douyin,GET,/api/v1/douyin/xingtu_v2/get_item_play_count,获取单个视频播放量(含详情)/Get Item Play Count,item_id* | platform_source | need_cover_url
douyin,GET,/api/v1/douyin/xingtu_v2/get_item_reach_5a_distribution,获取视频5A人群触达分布/Get Item Reach 5A Distribution,item_id* | period
douyin,POST,/api/v1/douyin/xingtu_v2/get_item_report_comments,获取视频评论分析/Get Item Report Comments,
douyin,POST,/api/v1/douyin/xingtu_v2/get_item_report_detail,获取视频详情报告/Get Item Report Detail,
douyin,POST,/api/v1/douyin/xingtu_v2/get_item_report_th_analysis,获取视频互动分析/Get Item Report Interaction Analysis,
douyin,POST,/api/v1/douyin/xingtu_v2/get_item_report_trend,获取视频整体表现趋势/Get Item Report Trend,
douyin,GET,/api/v1/douyin/xingtu_v2/get_item_user_distribution_v2,获取视频互动用户画像/Get Item User Distribution V2,metric_type | audience_type | item_id | board_id | challenge_id
douyin,POST,/api/v1/douyin/xingtu_v2/get_playlet_actor_rank_catalog,获取短剧演员热榜分类/Get Playlet Actor Rank Catalog,
douyin,GET,/api/v1/douyin/xingtu_v2/get_playlet_actor_rank_list,获取短剧演员热榜/Get Playlet Actor Rank List,category | name | qualifier | period | date
douyin,GET,/api/v1/douyin/xingtu_v2/get_ranking_list_catalog,获取星图热榜分类/Get Ranking List Catalog,codes | biz_scene
douyin,GET,/api/v1/douyin/xingtu_v2/get_ranking_list_data,获取星图达人商业榜数据/Get Ranking List Data,code | qualifier | version | period | date
douyin,POST,/api/v1/douyin/xingtu_v2/get_recommend_for_star_authors,获取相似创作者推荐/Get Recommend Similar Star Authors,
douyin,GET,/api/v1/douyin/xingtu_v2/get_resource_list,获取营销活动案例/Get Resource List,resource_id*
douyin,GET,/api/v1/douyin/xingtu_v2/get_search_field_options,获取达人广场筛选项取值/Get Search Field Options,platform_source | task_category
douyin,GET,/api/v1/douyin/xingtu_v2/get_user_profile_qrcode,获取用户主页二维码/Get User Profile QRCode,core_user_id | sec_uid
douyin,GET,/api/v1/douyin/xingtu_v2/get_xingtu_kolid_by_sec_user_id,抖音sec_user_id转星图达人ID/Get Xingtu Author ID by Douyin sec_user_id,sec_user_id*
douyin,GET,/api/v1/douyin/xingtu_v2/get_xingtu_kolid_by_uid,抖音UID转星图达人ID/Get Xingtu Author ID by Douyin UID,uid*
douyin,GET,/api/v1/douyin/xingtu_v2/get_xingtu_kolid_by_unique_id,抖音号转星图达人ID/Get Xingtu Author ID by Douyin unique_id,unique_id*
douyin,POST,/api/v1/douyin/xingtu_v2/multi_get_author_info,批量获取创作者信息/Multi Get Author Info,
douyin,POST,/api/v1/douyin/xingtu_v2/multi_get_item_stats,批量获取视频数据(播放量/点赞等)/Multi Get Item Stats,
douyin,GET,/api/v1/douyin/xingtu_v2/search_anchor,主播搜索/Search Anchor,keyword* | page | sort_field | sort_type | task_category | marketing_target | first_industry_id | author_list_id | price_type | price_min | price_max | tag | persona_tags | gender | fans_min | fans_max | expected_play_min | expected_play_max | cpm_min | cpm_max | cpe_min | cpe_max | interact_rate_min | interact_rate_max | play_over_rate_min | play_over_rate_max | burst_text_rate_min | burst_text_rate_max | extra_filter
douyin,GET,/api/v1/douyin/xingtu_v2/search_creator,达人搜索/Search Creator,keyword | seach_type | time_range_days | page | sort_field | sort_type | task_category | marketing_target | first_industry_id | author_list_id | price_type | price_min | price_max | tag | persona_tags | gender | fans_min | fans_max | expected_play_min | expected_play_max | cpm_min | cpm_max | cpe_min | cpe_max | interact_rate_min | interact_rate_max | play_over_rate_min | play_over_rate_max | burst_text_rate_min | burst_text_rate_max | extra_filter
douyin,GET,/api/v1/douyin/xingtu_v2/search_toutiao_creator,头条创作者搜索/Search Toutiao Creator,keyword* | page | sort_field | sort_type | task_category | marketing_target | first_industry_id | author_list_id | price_type | price_min | price_max | tag | persona_tags | gender | fans_min | fans_max | expected_play_min | expected_play_max | cpm_min | cpm_max | cpe_min | cpe_max | interact_rate_min | interact_rate_max | play_over_rate_min | play_over_rate_max | burst_text_rate_min | burst_text_rate_max | extra_filter
bilibili,GET,/api/v1/bilibili/app/fetch_bangumi_tab,获取番剧推荐/Get bangumi tab,
bilibili,GET,/api/v1/bilibili/app/fetch_cinema_tab,获取影视推荐/Get cinema tab,
bilibili,GET,/api/v1/bilibili/app/fetch_home_feed,获取主页推荐视频流/Get home feed,idx | flush | pull
bilibili,GET,/api/v1/bilibili/app/fetch_one_video,获取单个视频详情信息/Get single video data,av_id | bv_id
bilibili,GET,/api/v1/bilibili/app/fetch_popular_feed,获取热门推荐/Get popular feed,idx | last_param
bilibili,GET,/api/v1/bilibili/app/fetch_reply_detail,获取二级评论回复/Get reply detail,root* | av_id | bv_id | next_offset | ps
bilibili,GET,/api/v1/bilibili/app/fetch_search_all,综合搜索/search all,keyword* | cursor | page_size | order
bilibili,GET,/api/v1/bilibili/app/fetch_search_by_type,分类搜索/ search by type,keyword* | search_type | cursor | page_size | order
bilibili,GET,/api/v1/bilibili/app/fetch_user_info,获取用户信息/Get user info,user_id*
bilibili,GET,/api/v1/bilibili/app/fetch_user_videos,获取用户投稿视频/Get user videos,user_id* | post_filter | page | ps
bilibili,GET,/api/v1/bilibili/app/fetch_video_comments,获取视频评论列表/Get video comments,av_id | bv_id | mode | next_offset
bilibili,GET,/api/v1/bilibili/huahuo/account_session_info,当前广告主账号信息/Get current advertiser account information,
bilibili,GET,/api/v1/bilibili/huahuo/cooperate_experience_industry,合作经验行业列表/Get collaboration-experience industries,industry_type*
bilibili,GET,/api/v1/bilibili/huahuo/dmp_pkg_list,人群包列表/Get audience packages,
bilibili,GET,/api/v1/bilibili/huahuo/effect_goods_drop,带货类目下拉/Get commerce category options,
bilibili,GET,/api/v1/bilibili/huahuo/industry_tags,行业标签字典/Get industry tags,
bilibili,GET,/api/v1/bilibili/huahuo/label_char_style,内容风格字典/Get content-style tags,
bilibili,GET,/api/v1/bilibili/huahuo/live_area_list,直播分区下拉/Get live-streaming areas,
bilibili,GET,/api/v1/bilibili/huahuo/live_commerce_info,直播带货能力/Get live-commerce performance,upper_mid*
bilibili,GET,/api/v1/bilibili/huahuo/live_good_category,直播带货类目/Get live-commerce categories,
bilibili,GET,/api/v1/bilibili/huahuo/live_guild_drop,直播公会下拉/Get live-streaming guilds,name
bilibili,GET,/api/v1/bilibili/huahuo/live_parent_tag,直播人设标签/Get live creator persona tags,
bilibili,GET,/api/v1/bilibili/huahuo/live_upper_portrait,直播UP主详情/Get live creator profile,mcn_id* | upper_mid
bilibili,GET,/api/v1/bilibili/huahuo/mcn_drop,MCN机构下拉/Get MCN organizations,name
bilibili,GET,/api/v1/bilibili/huahuo/partition_drop,稿件分区下拉/Get video partition options,
bilibili,GET,/api/v1/bilibili/huahuo/popular_avid_category_drop,视频榜单行业下拉/Get video ranking industries,
bilibili,GET,/api/v1/bilibili/huahuo/popular_avid_list,视频榜单/Get Huahuo video rankings,category | page
bilibili,GET,/api/v1/bilibili/huahuo/popular_goods_industry_up_list,行业带货UP主榜/Get commerce creators by industry,x_huo_industry_id* | page
bilibili,GET,/api/v1/bilibili/huahuo/popular_goods_list,X火商品榜/Get X-Huo product rankings,x_huo_industry_id* | page | rank_type | data_cycle | min_goods_price | max_goods_price
bilibili,GET,/api/v1/bilibili/huahuo/popular_goods_up_list,商品带货UP主榜/Get creators ranked for a product,goods_id* | page
bilibili,GET,/api/v1/bilibili/huahuo/popular_up_list,UP主榜单/Get creator rankings,rank_cate | tid_name | page
bilibili,GET,/api/v1/bilibili/huahuo/popular_up_tid_drop,UP主榜单分区下拉/Get creator ranking categories,
bilibili,GET,/api/v1/bilibili/huahuo/popular_up_x_huo,X火种草榜/Get X-Huo creator rankings,x_huo_industry_id* | rank_date_type | rank_date | page
bilibili,GET,/api/v1/bilibili/huahuo/region_drop,地域下拉/Get region options,
bilibili,POST,/api/v1/bilibili/huahuo/search_live_upper,直播广场搜索/Search live creators,
bilibili,POST,/api/v1/bilibili/huahuo/search_upper,UP主广场搜索（搜UP主 / 搜内容）/Search Huahuo creators or content,
bilibili,GET,/api/v1/bilibili/huahuo/search_upper_suggest,UP主搜索联想/Search creator suggestions,nickname_or_mids* | page | panel_type | marketing_target | cpm_type | cpm_cycle | play_median_traffic_type | play_median_cycle
bilibili,GET,/api/v1/bilibili/huahuo/square_static_info,广场筛选字典/Get creator marketplace filter dictionaries,
bilibili,GET,/api/v1/bilibili/huahuo/tag_character,人设标签字典/Get persona tags,
bilibili,GET,/api/v1/bilibili/huahuo/tag_commercial,商业标签字典/Get commercial tags,
bilibili,GET,/api/v1/bilibili/huahuo/tag_occupation,职业标签字典/Get occupation tags,
bilibili,GET,/api/v1/bilibili/huahuo/upper_archive_highlights,UP主稿件高光/Get creator video highlights,upper_mid* | day_range
bilibili,GET,/api/v1/bilibili/huahuo/upper_base_info,UP主基础信息/Get creator basic information,mid*
bilibili,GET,/api/v1/bilibili/huahuo/upper_busy_time,UP主档期占用/Get creator unavailable dates,mid*
bilibili,GET,/api/v1/bilibili/huahuo/upper_by_nickname,按昵称查UP主/Find creators by nickname,nickname*
bilibili,GET,/api/v1/bilibili/huahuo/upper_detail,UP主详情/Get creator profile,upper_mid*
bilibili,GET,/api/v1/bilibili/huahuo/upper_draft_performance,UP主稿件表现/Get creator video performance,upper_mid* | day_range
bilibili,GET,/api/v1/bilibili/huahuo/upper_draft_trend,UP主稿件数据趋势/Get creator video metric trends,upper_mid* | trend_type
bilibili,GET,/api/v1/bilibili/huahuo/upper_fans_trend,UP主粉丝增长趋势/Get creator follower trends,upper_mid* | query_type
bilibili,GET,/api/v1/bilibili/huahuo/upper_label_tree,搜UP主筛选面板配置/Get creator filter panel configuration,panel_type
bilibili,GET,/api/v1/bilibili/huahuo/upper_overlap_uppers,粉丝重合UP主/Get creators with overlapping audiences,upper_mid* | fans_range | page
bilibili,GET,/api/v1/bilibili/huahuo/upper_representative,UP主代表作/Get creator representative videos,upper_mid* | type
bilibili,GET,/api/v1/bilibili/huahuo/upper_seek_info,UP主询单配置/Get creator inquiry settings,mid*
bilibili,GET,/api/v1/bilibili/huahuo/upper_similar,内容相似UP主/Get creators with similar content,upper_mid*
bilibili,GET,/api/v1/bilibili/huahuo/x_huo_date_options,X火榜可选期数/Get X-Huo ranking periods,rank_date_type
bilibili,GET,/api/v1/bilibili/huahuo/x_huo_industry_drop,X火榜行业下拉/Get X-Huo ranking industries,scene
bilibili,GET,/api/v1/bilibili/web/bv_to_aid,通过bv号获得视频aid号/Generate aid by bvid,bv_id*
bilibili,GET,/api/v1/bilibili/web/fetch_all_live_areas,获取所有直播分区列表/Get a list of all live areas,
bilibili,GET,/api/v1/bilibili/web/fetch_collect_folders,获取用户所有收藏夹信息/Get user collection folders,uid*
bilibili,GET,/api/v1/bilibili/web/fetch_com_popular,获取综合热门视频信息/Get comprehensive popular video information,pn
bilibili,GET,/api/v1/bilibili/web/fetch_comment_reply,获取视频下指定评论的回复/Get reply to the specified comment,bv_id* | pn | rpid*
bilibili,GET,/api/v1/bilibili/web/fetch_dynamic_detail,获取动态详情/Get dynamic detail,dynamic_id*
bilibili,GET,/api/v1/bilibili/web/fetch_dynamic_detail_v2,获取动态详情v2/Get dynamic detail v2,dynamic_id*
bilibili,GET,/api/v1/bilibili/web/fetch_general_search,获取综合搜索信息/Get general search data,keyword* | order* | page* | page_size* | duration | pubtime_begin_s | pubtime_end_s
bilibili,GET,/api/v1/bilibili/web/fetch_get_user_id,提取用户ID/Extract user ID,share_link*
bilibili,GET,/api/v1/bilibili/web/fetch_hot_search,获取热门搜索信息/Get hot search data,limit*
bilibili,GET,/api/v1/bilibili/web/fetch_live_room_detail,获取指定直播间信息/Get information of specified live room,room_id*
bilibili,GET,/api/v1/bilibili/web/fetch_live_streamers,获取指定分区正在直播的主播/Get live streamers of specified live area,area_id* | pn
bilibili,GET,/api/v1/bilibili/web/fetch_live_videos,获取直播间视频流/Get live video data of specified room,room_id*
bilibili,GET,/api/v1/bilibili/web/fetch_one_video,获取单个视频详情信息/Get single video data,bv_id*
bilibili,GET,/api/v1/bilibili/web/fetch_one_video_v2,获取单个视频详情信息V2/Get single video data V2,a_id* | c_id*
bilibili,GET,/api/v1/bilibili/web/fetch_one_video_v3,获取单个视频详情信息V3/Get single video data V3,url*
bilibili,GET,/api/v1/bilibili/web/fetch_user_collection_videos,获取指定收藏夹内视频数据/Gets video data from a collection folder,folder_id* | pn
bilibili,GET,/api/v1/bilibili/web/fetch_user_dynamic,获取指定用户动态/Get dynamic information of specified user,uid* | offset
bilibili,GET,/api/v1/bilibili/web/fetch_user_post_videos,获取用户主页作品数据/Get user homepage video data,uid* | pn | ps | order
bilibili,GET,/api/v1/bilibili/web/fetch_user_post_videos_v2,获取用户主页作品数据V2/Get user homepage video data V2,uid* | pn | ps | keyword
bilibili,GET,/api/v1/bilibili/web/fetch_user_profile,获取指定用户的信息/Get information of specified user,uid*
bilibili,GET,/api/v1/bilibili/web/fetch_user_relation_stat,获取用户关系状态统计/Get user relation stat (following and followers),uid*
bilibili,GET,/api/v1/bilibili/web/fetch_user_up_stat,获取UP主状态统计/Get UP stat (total views and likes),uid*
bilibili,GET,/api/v1/bilibili/web/fetch_video_comments,获取指定视频的评论/Get comments on the specified video,bv_id* | pn
bilibili,GET,/api/v1/bilibili/web/fetch_video_danmaku,获取视频实时弹幕/Get Video Danmaku,cid*
bilibili,GET,/api/v1/bilibili/web/fetch_video_detail,获取单个视频详情/Get single video detail,aid*
bilibili,GET,/api/v1/bilibili/web/fetch_video_parts,通过bv号获得视频分p信息/Get Video Parts By bvid,bv_id*
bilibili,GET,/api/v1/bilibili/web/fetch_video_play_info,获取单个视频播放信息/Get single video play info,url*
bilibili,GET,/api/v1/bilibili/web/fetch_video_playurl,获取视频流地址/Get video playurl,bv_id* | cid*
bilibili,GET,/api/v1/bilibili/web/fetch_video_subtitle,获取视频字幕信息/Get video subtitle info,a_id* | c_id*
bilibili,POST,/api/v1/bilibili/web/fetch_vip_video_playurl,获取大会员清晰度视频流地址/Get VIP video playurl,
xiaohongshu,GET,/api/v1/xiaohongshu/app_v2/get_creator_hot_inspiration_feed,获取创作者热点灵感列表/Get creator hot inspiration feed,cursor
xiaohongshu,GET,/api/v1/xiaohongshu/app_v2/get_creator_inspiration_feed,获取创作者推荐灵感列表/Get creator inspiration feed,cursor | tab | source
xiaohongshu,GET,/api/v1/xiaohongshu/app_v2/get_image_note_detail,获取图文笔记详情/Get image note detail,note_id | share_text
xiaohongshu,GET,/api/v1/xiaohongshu/app_v2/get_note_comments,获取笔记评论列表/Get note comments,note_id | share_text | cursor | index | pageArea | sort_strategy
xiaohongshu,GET,/api/v1/xiaohongshu/app_v2/get_note_sub_comments,获取笔记二级评论列表/Get note sub comments,note_id | share_text | comment_id* | cursor | index
xiaohongshu,GET,/api/v1/xiaohongshu/app_v2/get_product_detail,获取商品详情/Get product detail,sku_id* | source | pre_page
xiaohongshu,GET,/api/v1/xiaohongshu/app_v2/get_product_recommendations,获取商品推荐列表/Get product recommendations,sku_id* | cursor_score | region
xiaohongshu,GET,/api/v1/xiaohongshu/app_v2/get_product_review_overview,获取商品评论总览/Get product review overview,sku_id* | tab
xiaohongshu,GET,/api/v1/xiaohongshu/app_v2/get_product_reviews,获取商品评论列表/Get product reviews,sku_id* | page | sort_strategy_type | share_pics_only | from_page
xiaohongshu,GET,/api/v1/xiaohongshu/app_v2/get_topic_feed,获取话题笔记列表/Get topic feed,page_id* | sort | cursor_score | last_note_id | last_note_ct | session_id | first_load_time | source
xiaohongshu,GET,/api/v1/xiaohongshu/app_v2/get_topic_info,获取话题详情/Get topic info,page_id* | source | note_id
xiaohongshu,GET,/api/v1/xiaohongshu/app_v2/get_user_faved_notes,获取用户收藏笔记列表/Get user faved notes,user_id | share_text | cursor
xiaohongshu,GET,/api/v1/xiaohongshu/app_v2/get_user_info,获取用户信息/Get user info,user_id | share_text
xiaohongshu,GET,/api/v1/xiaohongshu/app_v2/get_user_posted_notes,获取用户笔记列表/Get user posted notes,user_id | share_text | cursor
xiaohongshu,GET,/api/v1/xiaohongshu/app_v2/get_video_note_detail,获取视频笔记详情/Get video note detail,note_id | share_text
xiaohongshu,GET,/api/v1/xiaohongshu/app_v2/search_groups,搜索群聊/Search groups,keyword* | page_no | search_id | source | is_recommend
xiaohongshu,GET,/api/v1/xiaohongshu/app_v2/search_images,搜索图片/Search images,keyword* | page | search_id | search_session_id | word_request_id | source
xiaohongshu,GET,/api/v1/xiaohongshu/app_v2/search_notes,搜索笔记/Search notes,keyword* | page | sort_type | note_type | time_filter | search_id | search_session_id | source | ai_mode
xiaohongshu,GET,/api/v1/xiaohongshu/app_v2/search_products,搜索商品/Search products,keyword* | page | search_id | source
xiaohongshu,GET,/api/v1/xiaohongshu/app_v2/search_users,搜索用户/Search users,keyword* | page | search_id | source
xiaohongshu,POST,/api/v1/xiaohongshu/pgy/get_blogger_core_data,获取蒲公英博主核心数据/Get PGY blogger core data trend,
xiaohongshu,POST,/api/v1/xiaohongshu/pgy/get_blogger_data_summary,获取蒲公英博主数据概览/Get PGY blogger data summary,
xiaohongshu,POST,/api/v1/xiaohongshu/pgy/get_blogger_detail,获取蒲公英博主详情/Get PGY blogger detail,
xiaohongshu,POST,/api/v1/xiaohongshu/pgy/get_blogger_fans_history,获取蒲公英博主粉丝增长历史/Get PGY blogger fans growth history,
xiaohongshu,POST,/api/v1/xiaohongshu/pgy/get_blogger_fans_profile,获取蒲公英博主粉丝画像/Get PGY blogger fans profile,
xiaohongshu,POST,/api/v1/xiaohongshu/pgy/get_blogger_fans_summary,获取蒲公英博主粉丝概览/Get PGY blogger fans summary,
xiaohongshu,POST,/api/v1/xiaohongshu/pgy/get_blogger_filter_options,获取蒲公英找博主筛选项字典/Get PGY blogger filter options,
xiaohongshu,POST,/api/v1/xiaohongshu/pgy/get_blogger_list,蒲公英笔记博主广场（找博主/选号）/PGY note blogger square,
xiaohongshu,POST,/api/v1/xiaohongshu/pgy/get_blogger_notes,获取蒲公英博主笔记案例/Get PGY blogger note cases,
xiaohongshu,POST,/api/v1/xiaohongshu/pgy/get_blogger_notes_rate,获取蒲公英博主数据表现/Get PGY blogger performance metrics,
xiaohongshu,POST,/api/v1/xiaohongshu/pgy/get_blogger_notes_v2,获取蒲公英博主笔记案例 v2（覆盖跨域）/Get PGY blogger note cases v2 (cross-platform),
xiaohongshu,POST,/api/v1/xiaohongshu/pgy/get_blogger_similar,获取蒲公英相似博主推荐/Get PGY similar bloggers,
xiaohongshu,POST,/api/v1/xiaohongshu/pgy/get_content_square,蒲公英内容广场（热门内容榜单）/PGY content square leaderboards,
xiaohongshu,POST,/api/v1/xiaohongshu/pgy/get_keyword_daily,蒲公英关键词逐日搜索指数/PGY keyword daily trend,
xiaohongshu,POST,/api/v1/xiaohongshu/pgy/get_keyword_related,蒲公英关键词关联词（选题扩词）/PGY related keywords,
xiaohongshu,POST,/api/v1/xiaohongshu/pgy/get_keyword_stat,蒲公英关键词概览（搜索指数+博主画像）/PGY keyword overview,
xiaohongshu,POST,/api/v1/xiaohongshu/pgy/get_live_blogger_list,蒲公英直播博主广场（直播带货选号）/PGY live blogger square,
xiaohongshu,POST,/api/v1/xiaohongshu/pgy/get_note_comments,获取蒲公英笔记精选评论/Get PGY note featured comments,
xiaohongshu,POST,/api/v1/xiaohongshu/pgy/get_note_components,获取蒲公英笔记组件/Get PGY note components,
xiaohongshu,POST,/api/v1/xiaohongshu/pgy/get_note_detail,获取蒲公英笔记详情/Get PGY note detail,
xiaohongshu,GET,/api/v1/xiaohongshu/web_v3/fetch_homefeed,获取首页推荐/Fetch homepage feed,num | cursor_score | category | need_filter_image
xiaohongshu,GET,/api/v1/xiaohongshu/web_v3/fetch_homefeed_categories,获取首页分类列表/Fetch homepage categories,
xiaohongshu,GET,/api/v1/xiaohongshu/web_v3/fetch_note_detail,获取笔记详情/Fetch note detail,note_id* | xsec_token*
xiaohongshu,GET,/api/v1/xiaohongshu/web_v3/fetch_search_suggest,获取搜索联想词/Fetch search suggestions,keyword
xiaohongshu,GET,/api/v1/xiaohongshu/web_v3/fetch_user_info,获取用户信息/Fetch user info,user_id*
youtube,GET,/api/v1/youtube/web/get_channel_id,获取频道ID/Get channel ID,channel_name*
youtube,GET,/api/v1/youtube/web/get_channel_id_v2,从频道URL获取频道ID V2/Get channel ID from URL V2,channel_url*
youtube,GET,/api/v1/youtube/web/get_channel_info,获取频道信息/Get channel information,channel_id*
youtube,GET,/api/v1/youtube/web/get_channel_short_videos,获取频道短视频/Get channel short videos,channel_id* | continuation_token
youtube,GET,/api/v1/youtube/web/get_channel_url,从频道ID获取频道URL/Get channel URL from channel ID,channel_id*
youtube,GET,/api/v1/youtube/web/get_relate_video,获取推荐视频/Get related videos,video_id* | continuation_token
youtube,GET,/api/v1/youtube/web/get_trending_videos,获取趋势视频/Get trending videos,language_code | country_code | section
youtube,GET,/api/v1/youtube/web/search_channel,搜索频道/Search channel,channel_id* | search_query* | language_code | country_code | continuation_token
youtube,GET,/api/v1/youtube/web/search_video,搜索视频/Search video,search_query* | language_code | order_by | country_code | continuation_token
youtube,GET,/api/v1/youtube/web_v2/get_channel_community_posts,获取频道帖子列表/Get channel community posts,channel_id* | language_code | country_code | continuation_token | need_format
youtube,GET,/api/v1/youtube/web_v2/get_channel_description,获取频道描述信息/Get channel description,channel_id | continuation_token | language_code | country_code | need_format
youtube,GET,/api/v1/youtube/web_v2/get_channel_id,从频道URL获取频道ID /Get channel ID from URL,channel_url*
youtube,GET,/api/v1/youtube/web_v2/get_channel_shorts,获取频道短视频列表/Get channel shorts,channel_id | channel_url | continuation_token | need_format
youtube,GET,/api/v1/youtube/web_v2/get_channel_url,从频道ID获取频道URL/Get channel URL from channel ID,channel_id*
youtube,GET,/api/v1/youtube/web_v2/get_channel_videos,获取频道视频 /Get channel videos,channel_id* | language_code | country_code | continuation_token | need_format
youtube,GET,/api/v1/youtube/web_v2/get_general_search,"综合搜索（原始数据，推荐使用V2）/General search (raw data, recommend V2)",search_query* | language_code | country_code | time_zone | upload_time | duration | content_type | feature | sort_by | continuation_token
youtube,GET,/api/v1/youtube/web_v2/get_general_search_v2,综合搜索V2/General search V2,keyword | continuation_token | upload_date | type | duration | features | sort_by
youtube,GET,/api/v1/youtube/web_v2/get_post_comment_replies,获取帖子评论回复/Get post comment replies,continuation_token* | language_code | country_code | need_format
youtube,GET,/api/v1/youtube/web_v2/get_post_comments,获取帖子评论/Get post comments,post_id | continuation_token | language_code | country_code | need_format
youtube,GET,/api/v1/youtube/web_v2/get_post_detail,获取帖子详情/Get post detail,post_id* | language_code | country_code | need_format
youtube,GET,/api/v1/youtube/web_v2/get_related_videos,获取视频相似内容/Get related videos,video_id | video_url | need_format
youtube,GET,/api/v1/youtube/web_v2/get_search_suggestions,获取搜索推荐词/Get search suggestions,keyword* | language | region
youtube,GET,/api/v1/youtube/web_v2/get_shorts_search,"Shorts搜索（原始数据，推荐使用V2）/Shorts search (raw data, recommend V2)",search_query* | language_code | country_code | time_zone | upload_time | sort_by | continuation_token | filter_mixed_content
youtube,GET,/api/v1/youtube/web_v2/get_shorts_search_v2,Shorts搜索V2/Shorts search V2,keyword | continuation_token | upload_date | sort_by
youtube,GET,/api/v1/youtube/web_v2/get_signed_stream_url,获取已签名的视频流URL/Get signed video stream URL,video_id | video_url | itag*
youtube,GET,/api/v1/youtube/web_v2/get_video_captions,获取视频字幕/Get video captions,video_id | video_url | language_code | format
youtube,GET,/api/v1/youtube/web_v2/get_video_captions_result,获取视频字幕异步任务结果/Get video captions async job result,job_id* | format
youtube,GET,/api/v1/youtube/web_v2/get_video_comment_replies,获取视频二级评论/Get video sub comments,continuation_token* | language_code | country_code | need_format
youtube,GET,/api/v1/youtube/web_v2/get_video_comments,获取视频评论/Get video comments,video_id* | language_code | country_code | sort_by | continuation_token | need_format
youtube,GET,/api/v1/youtube/web_v2/get_video_info,获取视频详情 /Get video information,video_id* | language_code | need_format
youtube,GET,/api/v1/youtube/web_v2/get_video_info_v2,获取视频详情 V2/Get video information V2,video_id | video_url | need_format
youtube,GET,/api/v1/youtube/web_v2/get_video_streams,获取视频流信息/Get video streams info,video_id | video_url
youtube,GET,/api/v1/youtube/web_v2/get_video_streams_v2,获取视频流信息 V2/Get video streams info V2,video_id | video_url
youtube,GET,/api/v1/youtube/web_v2/search_channels,搜索频道/Search channels,keyword | continuation_token | need_format
tiktok,GET,/api/v1/demo/tiktok/app/fetch_one_video,【Demo】TikTok APP获取固定视频详情（1小时缓存）/[Demo] TikTok APP Fixed Video Detail with Cache,
tiktok,GET,/api/v1/demo/tiktok/web/fetch_user_profile,【Demo】TikTok固定用户信息（1小时缓存）/[Demo] TikTok Fixed User Profile with Cache,
tiktok,POST,/api/v1/tiktok/ads/get_ad_interactive_analysis,获取广告互动分析/Get ad interactive analysis,
tiktok,POST,/api/v1/tiktok/ads/get_ad_keyframe_analysis,获取广告关键帧分析/Get ad keyframe analysis,
tiktok,POST,/api/v1/tiktok/ads/get_ad_percentile,获取广告百分位数据/Get ad percentile data,
tiktok,POST,/api/v1/tiktok/ads/get_ads_detail,获取单个广告详情/Get single ad detail,
tiktok,POST,/api/v1/tiktok/ads/get_configure_safety,获取搜索板块配置/Get search modules config,
tiktok,POST,/api/v1/tiktok/ads/get_creators_card,批量获取创作者卡片/Get creators card,
tiktok,POST,/api/v1/tiktok/ads/get_location_list,获取支持的国家地区列表/Get supported location list,
tiktok,POST,/api/v1/tiktok/ads/get_query_suggestions,获取查询建议/Get query suggestions,
tiktok,POST,/api/v1/tiktok/ads/get_recommended_ads,获取推荐广告/Get recommended ads,
tiktok,POST,/api/v1/tiktok/ads/get_top_ads_filters,获取热门广告筛选项/Get Top Ads filters,
tiktok,POST,/api/v1/tiktok/ads/get_top_ads_spotlight,获取热门广告聚光灯/Get top ads spotlight,
tiktok,POST,/api/v1/tiktok/ads/get_top_contents_item_detail,获取热门视频详情/Get top contents item detail,
tiktok,POST,/api/v1/tiktok/ads/get_top_contents_list,获取热门视频榜单/Get top contents list,
tiktok,POST,/api/v1/tiktok/ads/get_trends_hashtag_detail,获取热门标签详情(趋势)/Get trending hashtag detail,
tiktok,POST,/api/v1/tiktok/ads/get_trends_hashtag_list,获取热门标签榜单(趋势)/Get trending hashtag list,
tiktok,POST,/api/v1/tiktok/ads/search_ads,搜索广告/Search ads,
tiktok,GET,/api/v1/tiktok/analytics/detect_fake_views,检测视频虚假流量分析/Detect fake views in video,item_id* | content_category
tiktok,GET,/api/v1/tiktok/analytics/fetch_comment_keywords,获取视频评论关键词分析/Get comment keywords analysis,item_id*
tiktok,GET,/api/v1/tiktok/analytics/fetch_creator_info_and_milestones,获取创作者信息和里程碑数据/Get creator info and milestones,user_id*
tiktok,GET,/api/v1/tiktok/analytics/fetch_video_metrics,获取作品的统计数据/Get video metrics,item_id*
tiktok,POST,/api/v1/tiktok/app/v3/TTencrypt_algorithm,TikTok APP加密算法/TikTok APP encryption algorithm,
tiktok,GET,/api/v1/tiktok/app/v3/add_video_play_count,根据视频ID来增加作品的播放数/Increase the number of plays of the work according to the video ID,aweme_type* | item_id*
tiktok,GET,/api/v1/tiktok/app/v3/check_live_room_online,检测直播间是否在线/Check if live room is online,room_id*
tiktok,POST,/api/v1/tiktok/app/v3/check_live_room_online_batch,批量检测直播间是否在线/Batch check if live rooms are online,
tiktok,POST,/api/v1/tiktok/app/v3/encrypt_decrypt_login_request,加密或解密 TikTok APP 登录请求体/Encrypt or Decrypt TikTok APP login request body,
tiktok,POST,/api/v1/tiktok/app/v3/fetch_content_translate,获取内容翻译数据/Get content translation data,
tiktok,GET,/api/v1/tiktok/app/v3/fetch_creator_info,获取带货创作者信息/Get shopping creator information,creator_uid*
tiktok,GET,/api/v1/tiktok/app/v3/fetch_creator_search_insights,创作者搜索洞察/Creator Search Insights,offset | limit | tab | language_filters | category_filters | creator_source | force_refresh
tiktok,GET,/api/v1/tiktok/app/v3/fetch_creator_search_insights_detail,创作者搜索洞察详情/Creator Search Insights Detail,query_id_str* | time_range | start_date | end_date | dimension_list
tiktok,GET,/api/v1/tiktok/app/v3/fetch_creator_search_insights_trend,创作者搜索洞察趋势/Creator Search Insights Trend,query_id_str* | from_tab_path | query_analysis_required
tiktok,GET,/api/v1/tiktok/app/v3/fetch_creator_search_insights_videos,创作者搜索洞察相关视频/Creator Search Insights Videos,keyword* | offset | count
tiktok,GET,/api/v1/tiktok/app/v3/fetch_general_search_result,获取指定关键词的综合搜索结果/Get comprehensive search results of specified keywords,keyword* | offset | count | sort_type | publish_time
tiktok,GET,/api/v1/tiktok/app/v3/fetch_hashtag_detail,获取指定话题的详情数据/Get details of specified hashtag,ch_id* | region
tiktok,GET,/api/v1/tiktok/app/v3/fetch_hashtag_search_result,获取指定关键词的话题搜索结果/Get hashtag search results of specified keywords,keyword* | offset | count
tiktok,GET,/api/v1/tiktok/app/v3/fetch_hashtag_video_list,获取指定话题的作品数据/Get video list of specified hashtag,ch_id* | cursor | count | region
tiktok,POST,/api/v1/tiktok/app/v3/fetch_home_feed,获取主页视频推荐数据/Get home feed(recommend) video data,
tiktok,GET,/api/v1/tiktok/app/v3/fetch_live_daily_rank,获取直播每日榜单数据/Get live daily rank data,anchor_id | room_id | rank_type | region_type | gap_interval | cookie
tiktok,GET,/api/v1/tiktok/app/v3/fetch_live_ranking_list,获取直播间排行榜数据/Get live room ranking list,room_id* | anchor_id*
tiktok,GET,/api/v1/tiktok/app/v3/fetch_live_room_info,获取指定直播间的数据/Get data of specified live room,room_id*
tiktok,GET,/api/v1/tiktok/app/v3/fetch_live_room_product_list,获取直播间商品列表数据/Get live room product list data,room_id* | author_id* | page_size | offset | region | cookie
tiktok,GET,/api/v1/tiktok/app/v3/fetch_live_room_product_list_v2,获取直播间商品列表数据 V2 /Get live room product list data V2,room_id* | author_id* | page_size | offset | region | cookie
tiktok,GET,/api/v1/tiktok/app/v3/fetch_live_search_result,获取指定关键词的直播搜索结果/Get live search results of specified keywords,keyword* | offset | count | region
tiktok,GET,/api/v1/tiktok/app/v3/fetch_location_search,获取地点搜索结果/Get location search results,keyword* | offset | count
tiktok,POST,/api/v1/tiktok/app/v3/fetch_multi_video,批量获取视频信息/Batch Get Video Information,
tiktok,POST,/api/v1/tiktok/app/v3/fetch_multi_video_v2,批量获取视频信息 V2/Batch Get Video Information V2,
tiktok,GET,/api/v1/tiktok/app/v3/fetch_music_chart_list,音乐排行榜/Music Chart List,scene | cursor | count
tiktok,GET,/api/v1/tiktok/app/v3/fetch_music_detail,获取指定音乐的详情数据/Get details of specified music,music_id*
tiktok,GET,/api/v1/tiktok/app/v3/fetch_music_search_result,获取指定关键词的音乐搜索结果/Get music search results of specified keywords,keyword* | offset | count | filter_by | sort_type | region
tiktok,GET,/api/v1/tiktok/app/v3/fetch_music_video_list,获取指定音乐的视频列表数据/Get video list of specified music,music_id* | cursor | count
tiktok,GET,/api/v1/tiktok/app/v3/fetch_one_video,获取单个作品数据/Get single video data,aweme_id*
tiktok,GET,/api/v1/tiktok/app/v3/fetch_one_video_by_share_url,根据分享链接获取单个作品数据/Get single video data by sharing link,share_url*
tiktok,GET,/api/v1/tiktok/app/v3/fetch_one_video_by_share_url_v2,根据分享链接获取单个作品数据/Get single video data by sharing link,share_url*
tiktok,GET,/api/v1/tiktok/app/v3/fetch_one_video_v2,获取单个作品数据 V2/Get single video data V2,aweme_id*
tiktok,GET,/api/v1/tiktok/app/v3/fetch_one_video_v3,获取单个作品数据 V3(支持国家参数)/Get single video data V3 (support country parameter),aweme_id* | region
tiktok,GET,/api/v1/tiktok/app/v3/fetch_share_qr_code,获取分享二维码/Get share QR code,object_id* | schema_type
tiktok,GET,/api/v1/tiktok/app/v3/fetch_share_short_link,获取分享短链接/Get share short link,url*
tiktok,GET,/api/v1/tiktok/app/v3/fetch_similar_user_recommendations,获取类似用户推荐/Similar User Recommendations,sec_uid* | page_token
tiktok,GET,/api/v1/tiktok/app/v3/fetch_user_country_by_username,通过用户名获取用户账号国家地区/Get user account country by username,username*
tiktok,GET,/api/v1/tiktok/app/v3/fetch_user_follower_list,获取指定用户的粉丝列表数据/Get follower list of specified user,user_id | sec_user_id | count | min_time | page_token
tiktok,GET,/api/v1/tiktok/app/v3/fetch_user_following_list,获取指定用户的关注列表数据/Get following list of specified user,user_id | sec_user_id | count | min_time | page_token
tiktok,GET,/api/v1/tiktok/app/v3/fetch_user_like_videos,获取用户喜欢作品数据/Get user like video data,sec_user_id* | max_cursor | counts
tiktok,GET,/api/v1/tiktok/app/v3/fetch_user_music_list,获取用户音乐列表数据/Get user music list data,sec_uid* | cursor | count
tiktok,GET,/api/v1/tiktok/app/v3/fetch_user_post_videos,获取用户主页作品数据 V1/Get user homepage video data V1,sec_user_id | unique_id | max_cursor | count | sort_type | region
tiktok,GET,/api/v1/tiktok/app/v3/fetch_user_post_videos_v2,获取用户主页作品数据 V2/Get user homepage video data V2,sec_user_id | unique_id | max_cursor | count | sort_type
tiktok,GET,/api/v1/tiktok/app/v3/fetch_user_post_videos_v3,获取用户主页作品数据 V3（精简数据-更快速）/Get user homepage video data V3 (simplified data - faster),sec_user_id | unique_id | max_cursor | count | sort_type
tiktok,GET,/api/v1/tiktok/app/v3/fetch_user_repost_videos,获取用户转发的作品数据/Get user repost video data,user_id* | offset | count
tiktok,GET,/api/v1/tiktok/app/v3/fetch_user_search_result,获取指定关键词的用户搜索结果/Get user search results of specified keywords,keyword* | offset | count | user_search_follower_count | user_search_profile_type | user_search_other_pref
tiktok,GET,/api/v1/tiktok/app/v3/fetch_video_comment_replies,获取指定视频的评论回复数据/Get comment replies data of specified video,item_id* | comment_id* | cursor | count
tiktok,GET,/api/v1/tiktok/app/v3/fetch_video_comments,获取单个视频评论数据/Get single video comments data,aweme_id* | cursor | count
tiktok,GET,/api/v1/tiktok/app/v3/fetch_video_search_result,获取指定关键词的视频搜索结果/Get video search results of specified keywords,keyword* | offset | count | sort_type | publish_time | region
tiktok,GET,/api/v1/tiktok/app/v3/fetch_webcast_user_info,获取指定 Webcast 用户的信息/Get information of specified Webcast user,user_id | sec_user_id
tiktok,GET,/api/v1/tiktok/app/v3/get_user_id_and_sec_user_id_by_username,使用用户名获取用户 user_id 和 sec_user_id/Get user_id and sec_user_id by Username,username*
tiktok,GET,/api/v1/tiktok/app/v3/handler_user_profile,获取指定用户的信息/Get information of specified user,user_id | sec_user_id | unique_id
tiktok,GET,/api/v1/tiktok/app/v3/open_tiktok_app_to_keyword_search,"生成TikTok分享链接，唤起TikTok APP，跳转指定关键词搜索结果/Generate TikTok share link, call TikTok APP, and jump to the specified keyword search result",keyword*
tiktok,GET,/api/v1/tiktok/app/v3/open_tiktok_app_to_send_private_message,"生成TikTok分享链接，唤起TikTok APP，给指定用户发送私信/Generate TikTok share link, call TikTok APP, and send private messages to specified users",uid*
tiktok,GET,/api/v1/tiktok/app/v3/open_tiktok_app_to_user_profile,"生成TikTok分享链接，唤起TikTok APP，跳转指定用户主页/Generate TikTok share link, call TikTok APP, and jump to the specified user profile",uid*
tiktok,GET,/api/v1/tiktok/app/v3/open_tiktok_app_to_video_detail,"生成TikTok分享链接，唤起TikTok APP，跳转指定作品详情页/Generate TikTok share link, call TikTok APP, and jump to the specified video details page",aweme_id*
tiktok,GET,/api/v1/tiktok/app/v3/search_follower_list,搜索粉丝列表/Search follower list,user_id* | keyword*
tiktok,GET,/api/v1/tiktok/app/v3/search_following_list,搜索关注列表/Search following list,user_id* | keyword*
tiktok,POST,/api/v1/tiktok/creator/get_account_health_status,获取创作者账号健康状态/Get Creator Account Health Status,
tiktok,POST,/api/v1/tiktok/creator/get_account_insights_overview,获取创作者账号概览/Get Creator Account Overview,
tiktok,POST,/api/v1/tiktok/creator/get_account_violation_list,获取创作者账号违规记录列表/Get Creator Account Violation Record List,
tiktok,POST,/api/v1/tiktok/creator/get_creator_account_info,获取创作者账号信息/Get Creator Account Info,
tiktok,POST,/api/v1/tiktok/creator/get_live_analytics_summary,获取创作者直播概览/Get Creator Live Overview,
tiktok,POST,/api/v1/tiktok/creator/get_product_analytics_list,获取创作者商品列表分析/Get Creator Product List Analytics,
tiktok,POST,/api/v1/tiktok/creator/get_product_related_videos,获取同款商品关联视频/Get Product Related Videos,
tiktok,POST,/api/v1/tiktok/creator/get_showcase_product_list,获取橱窗商品列表/Get Showcase Product List,
tiktok,POST,/api/v1/tiktok/creator/get_video_analytics_summary,获取创作者视频概览/Get Creator Video Overview,
tiktok,POST,/api/v1/tiktok/creator/get_video_associated_product_list,获取视频关联商品列表/Get Video Associated Product List,
tiktok,POST,/api/v1/tiktok/creator/get_video_audience_stats,获取视频受众分析数据/Get Video Audience Analysis Data,
tiktok,POST,/api/v1/tiktok/creator/get_video_detailed_stats,获取视频详细分段统计数据/Get Video Detailed Statistics,
tiktok,POST,/api/v1/tiktok/creator/get_video_list_analytics,获取创作者视频列表分析/Get Creator Video List Analytics,
tiktok,POST,/api/v1/tiktok/creator/get_video_to_product_stats,获取视频与商品关联统计数据/Get Video-Product Association Statistics,
tiktok,GET,/api/v1/tiktok/shop/web/fetch_hot_selling_products_list,【已弃用】获取热卖商品列表/[Deprecated] Get hot selling products list,region | count | exclude_product_ids
tiktok,GET,/api/v1/tiktok/shop/web/fetch_product_detail,获取商品详情V1(桌面端-数据完整)/Get product detail V1(Full data),product_id* | seller_id | region
tiktok,GET,/api/v1/tiktok/shop/web/fetch_product_detail_v2,【已弃用】获取商品详情V2(移动端-数据少)/[Deprecated] Get product detail V2 (Less Data),product_id* | seller_id | region
tiktok,GET,/api/v1/tiktok/shop/web/fetch_product_detail_v3,获取商品详情V3(移动端-数据完整)/Get product detail V3 (Full Data),product_id* | region
tiktok,GET,/api/v1/tiktok/shop/web/fetch_product_id_by_share_link,通过分享链接获取商品ID/Get Product ID by Share Link,share_link*
tiktok,GET,/api/v1/tiktok/shop/web/fetch_product_reviews,获取商品评论V1/Get product reviews V1,product_id* | page_start | page_size | sort_rule | filter_type | filter_value | region
tiktok,GET,/api/v1/tiktok/shop/web/fetch_product_reviews_v2,获取商品评论V2/Get product reviews V2,product_id* | page_start | sort_rule | filter_type | filter_value | region
tiktok,GET,/api/v1/tiktok/shop/web/fetch_products_by_category_id,根据分类ID获取商品列表/Get products by category ID,category_id* | offset | region
tiktok,GET,/api/v1/tiktok/shop/web/fetch_products_category_list,获取商品分类列表/Get product category list,region
tiktok,GET,/api/v1/tiktok/shop/web/fetch_search_products_list,搜索商品列表V1/Search products list V1,search_word* | offset | page_token | region
tiktok,GET,/api/v1/tiktok/shop/web/fetch_search_products_list_v2,搜索商品列表V2(移动端)/Search products list V2 (Mobile),search_word* | offset | page_token | region
tiktok,GET,/api/v1/tiktok/shop/web/fetch_search_word_suggestion_v2,获取搜索关键词建议V2(移动端)/Get search keyword suggestions V2 (Mobile),search_word* | lang | region
tiktok,GET,/api/v1/tiktok/shop/web/fetch_seller_products_list,获取商家商品列表V1/Get seller products list V1,seller_id* | search_params | region
tiktok,GET,/api/v1/tiktok/shop/web/fetch_seller_products_list_v2,获取商家商品列表V2(移动端)/Get seller products list V2 (Mobile),seller_id* | searchParams | region
tiktok,GET,/api/v1/tiktok/shop/web/fetch_shop_id_by_share_link,通过分享链接获取店铺ID/Get Shop ID by Share Link,share_link*
tiktok,GET,/api/v1/tiktok/web/decrypt_strData,解密strData/Decrypt strData,encrypted_data*
tiktok,GET,/api/v1/tiktok/web/device_register,设备注册/Register device for TikTok Web,
tiktok,GET,/api/v1/tiktok/web/encrypt_strData,加密strData/Encrypt strData,data*
tiktok,GET,/api/v1/tiktok/web/fetch_batch_check_live_alive,批量直播间开播状态检测/Batch live room start status check,room_ids*
tiktok,GET,/api/v1/tiktok/web/fetch_check_live_alive,直播间开播状态检测/Live room start status check,room_id*
tiktok,GET,/api/v1/tiktok/web/fetch_explore_post,获取探索作品数据/Get explore video data,categoryType | count
tiktok,GET,/api/v1/tiktok/web/fetch_general_search,获取综合搜索列表/Get general search list,keyword* | offset | search_id | cookie
tiktok,POST,/api/v1/tiktok/web/fetch_gift_name_by_id,根据Gift ID查询礼物名称/Get gift name by gift ID,
tiktok,POST,/api/v1/tiktok/web/fetch_gift_names_by_ids,"批量查询Gift ID对应的礼物名称($0.025/次,建议50个)/Batch get gift names by gift IDs ($0.025/call, suggest 50)",
tiktok,POST,/api/v1/tiktok/web/fetch_home_feed,首页推荐作品/Home Feed,
tiktok,GET,/api/v1/tiktok/web/fetch_live_gift_list,获取直播间礼物列表/Get live room gift list,room_id
tiktok,GET,/api/v1/tiktok/web/fetch_live_im_fetch,TikTok直播间弹幕参数获取/tiktok live room danmaku parameters,room_id* | user_unique_id | resp_content_type
tiktok,GET,/api/v1/tiktok/web/fetch_live_recommend,获取直播间首页推荐列表/Get live room homepage recommendation list,related_live_tag*
tiktok,GET,/api/v1/tiktok/web/fetch_live_recommend_tabs,获取直播间首页推荐可用标签/Get available tags for live room homepage recommendation,logid
tiktok,GET,/api/v1/tiktok/web/fetch_post_ai_article,获取单个作品的AI长文内容/Get AI-generated article of a single video,itemId*
tiktok,GET,/api/v1/tiktok/web/fetch_post_comment,获取作品的评论列表/Get video comments,aweme_id* | cursor | count | current_region
tiktok,GET,/api/v1/tiktok/web/fetch_post_comment_reply,获取作品的评论回复列表/Get video comment replies,item_id* | comment_id* | cursor | count | current_region
tiktok,GET,/api/v1/tiktok/web/fetch_post_detail,获取单个作品数据/Get single video data,itemId* | region
tiktok,GET,/api/v1/tiktok/web/fetch_post_detail_v2,获取单个作品数据 V2/Get single video data V2,itemId* | region
tiktok,GET,/api/v1/tiktok/web/fetch_search_keyword_suggest,搜索关键字推荐/Search keyword suggest,keyword*
tiktok,GET,/api/v1/tiktok/web/fetch_search_live,搜索直播/Search live,keyword* | count | offset | search_id | cookie
tiktok,GET,/api/v1/tiktok/web/fetch_search_photo,搜索照片/Search photo,keyword* | count | offset | search_id | cookie
tiktok,GET,/api/v1/tiktok/web/fetch_search_user,搜索用户/Search user,keyword* | cursor | search_id | cookie
tiktok,GET,/api/v1/tiktok/web/fetch_search_video,搜索视频/Search video,keyword* | count | offset | search_id | cookie
tiktok,GET,/api/v1/tiktok/web/fetch_tag_detail,Tag详情/Tag Detail,tag_name*
tiktok,GET,/api/v1/tiktok/web/fetch_tag_post,Tag作品/Tag Post,challengeID* | count | cursor
tiktok,GET,/api/v1/tiktok/web/fetch_tiktok_live_data,通过直播链接获取直播间信息/Get live room information via live link,live_room_url*
tiktok,GET,/api/v1/tiktok/web/fetch_tiktok_web_guest_cookie,获取游客 Cookie/Get the guest Cookie,user_agent*
tiktok,GET,/api/v1/tiktok/web/fetch_trending_searchwords,获取每日趋势搜索关键词/Get daily trending search words,
tiktok,GET,/api/v1/tiktok/web/fetch_user_collect,获取用户的收藏列表/Get user favorites,cookie* | secUid* | cursor | count | coverFormat
tiktok,GET,/api/v1/tiktok/web/fetch_user_fans,获取用户的粉丝列表/Get user followers,secUid* | count | maxCursor | minCursor
tiktok,GET,/api/v1/tiktok/web/fetch_user_follow,获取用户的关注列表/Get user followings,secUid* | count | maxCursor | minCursor
tiktok,GET,/api/v1/tiktok/web/fetch_user_like,获取用户的点赞列表/Get user likes,secUid* | cursor | count | coverFormat | post_item_list_request_type
tiktok,GET,/api/v1/tiktok/web/fetch_user_live_detail,获取用户的直播详情/Get user live details,uniqueId*
tiktok,GET,/api/v1/tiktok/web/fetch_user_mix,获取用户的合辑列表/Get user mix list,mixId* | cursor | count
tiktok,GET,/api/v1/tiktok/web/fetch_user_play_list,获取用户的播放列表/Get user play list,secUid* | cursor | count
tiktok,GET,/api/v1/tiktok/web/fetch_user_post,获取用户的作品列表/Get user posts,secUid* | cursor | count | coverFormat | post_item_list_request_type
tiktok,GET,/api/v1/tiktok/web/fetch_user_profile,获取用户的个人信息/Get user profile,uniqueId | secUid
tiktok,GET,/api/v1/tiktok/web/fetch_user_repost,获取用户的转发作品列表/Get user reposts,secUid* | cursor | count | coverFormat
tiktok,GET,/api/v1/tiktok/web/generate_fingerprint,生成浏览器指纹/Generate browser fingerprint,browser_type
tiktok,GET,/api/v1/tiktok/web/generate_hashed_id,生成哈希ID/Generate hashed ID,email*
tiktok,GET,/api/v1/tiktok/web/generate_real_msToken,生成真实msToken/Generate real msToken,random_strData | browser_type
tiktok,GET,/api/v1/tiktok/web/generate_ttwid,生成ttwid/Generate ttwid,user_agent
tiktok,GET,/api/v1/tiktok/web/generate_webid,生成web_id/Generate web_id,cookie | user_agent | url | referer | user_unique_id | app_id
tiktok,GET,/api/v1/tiktok/web/generate_wss_xb_signature,生成TikTok WSS X-Bogus签名/Generate TikTok WSS X-Bogus signature,user_agent
tiktok,POST,/api/v1/tiktok/web/generate_x_mssdk_info,生成 X-Mssdk-Info /Generate X-Mssdk-Info,
tiktok,POST,/api/v1/tiktok/web/generate_xbogus,生成 XBogus/Generate XBogus,
tiktok,POST,/api/v1/tiktok/web/generate_xgnarly,生成 XGnarly /Generate XGnarly,
tiktok,POST,/api/v1/tiktok/web/generate_xgnarly_and_xbogus,生成 XGnarly 和 XBogus /Generate XGnarly and XBogus,
tiktok,POST,/api/v1/tiktok/web/get_all_aweme_id,提取列表作品id/Extract list video id,
tiktok,POST,/api/v1/tiktok/web/get_all_sec_user_id,提取列表用户sec_user_id/Extract list user sec_user_id,
tiktok,POST,/api/v1/tiktok/web/get_all_unique_id,获取列表unique_id/Get list unique_id,
tiktok,GET,/api/v1/tiktok/web/get_aweme_id,提取单个作品id/Extract single video id,url*
tiktok,GET,/api/v1/tiktok/web/get_live_room_id,根据直播间链接提取直播间ID/Extract live room ID from live room link,live_room_url*
tiktok,GET,/api/v1/tiktok/web/get_sec_user_id,提取用户sec_user_id/Extract user sec_user_id,url*
tiktok,GET,/api/v1/tiktok/web/get_unique_id,获取用户unique_id/Get user unique_id,url*
tiktok,GET,/api/v1/tiktok/web/get_user_id,提取用户user_id/Extract user user_id,url*
tiktok,GET,/api/v1/tiktok/web/tiktok_live_room,提取直播间弹幕/Extract live room danmaku,live_room_url* | danmaku_type*
kuaishou,GET,/api/v1/demo/kuaishou/web/fetch_one_video,【Demo】快手获取固定视频信息（1小时缓存）/[Demo] Kuaishou Fixed Video with Cache,
kuaishou,GET,/api/v1/kuaishou/app/fetch_brand_top_list,快手品牌榜单/Kuaishou brand top list,subTabId | subTabName
kuaishou,GET,/api/v1/kuaishou/app/fetch_hot_board_categories,快手热榜分类/Kuaishou hot categories,
kuaishou,GET,/api/v1/kuaishou/app/fetch_hot_board_detail,快手热榜详情/Kuaishou hot board detail,boardType | boardId
kuaishou,GET,/api/v1/kuaishou/app/fetch_hot_search_person,快手热搜人物榜单/Kuaishou hot search person board,
kuaishou,GET,/api/v1/kuaishou/app/fetch_live_top_list,快手直播榜单/Kuaishou live top list,subTabId | subTabName
kuaishou,GET,/api/v1/kuaishou/app/fetch_music_ranking,音乐榜单/Music ranking,tab_id | count | pcursor
kuaishou,GET,/api/v1/kuaishou/app/fetch_one_user_v2,获取单个用户数据V2/Get single user data V2,user_id*
kuaishou,GET,/api/v1/kuaishou/app/fetch_one_video,视频详情V1/Video detailsV1,photo_id*
kuaishou,GET,/api/v1/kuaishou/app/fetch_one_video_by_url,根据链接获取单个作品数据/Fetch single video by URL,share_text*
kuaishou,GET,/api/v1/kuaishou/app/fetch_selection_feed,精选/推荐Feed流/Selection feed,
kuaishou,GET,/api/v1/kuaishou/app/fetch_shopping_top_list,快手购物榜单/Kuaishou shopping top list,subTabId | subTabName
kuaishou,GET,/api/v1/kuaishou/app/fetch_tag_feed,话题标签聚合页/Tag feed,general_tag_id* | tab | tag_name | tag_type | tag_source | from_photo_id | pcursor
kuaishou,GET,/api/v1/kuaishou/app/fetch_user_hot_post,获取用户热门作品数据/Get user hot post data,user_id* | pcursor
kuaishou,GET,/api/v1/kuaishou/app/fetch_user_live_info,获取用户直播信息/Get user live info,user_id*
kuaishou,GET,/api/v1/kuaishou/app/fetch_user_post_v2,用户视频列表V2/User video list V2,user_id* | pcursor | sort
kuaishou,GET,/api/v1/kuaishou/app/fetch_video_comment,获取单个作品评论数据/Get single video comment data,photo_id* | pcursor
kuaishou,GET,/api/v1/kuaishou/app/fetch_video_sub_comments,评论二级回复/Video sub comments,photo_id* | root_comment_id* | pcursor | count
kuaishou,GET,/api/v1/kuaishou/app/fetch_videos_batch,快手批量视频查询接口/Kuaishou batch video query API,photo_ids*
kuaishou,GET,/api/v1/kuaishou/app/generate_kuaishou_share_link,生成快手分享链接/Generate Kuaishou share link,shareObjectId*
kuaishou,GET,/api/v1/kuaishou/app/search_comprehensive,综合搜索/Comprehensive search,keyword* | pcursor | sort_type | publish_time | duration
kuaishou,GET,/api/v1/kuaishou/app/search_image,搜索图片作品/Search image,keyword* | pcursor
kuaishou,GET,/api/v1/kuaishou/app/search_live,搜索直播间/Search live,keyword* | pcursor
kuaishou,GET,/api/v1/kuaishou/app/search_music,搜索音乐/Search music,keyword* | pcursor
kuaishou,GET,/api/v1/kuaishou/app/search_tag,搜索话题标签/Search tag,keyword* | pcursor
kuaishou,GET,/api/v1/kuaishou/app/search_user_v2,搜索用户V2/Search user V2,keyword* | pcursor | user_relation | user_gender | fans_sort
kuaishou,GET,/api/v1/kuaishou/app/search_video_v2,搜索视频V2/Search video V2,keyword* | pcursor
kuaishou,GET,/api/v1/kuaishou/web/fetch_get_user_id,获取用户ID/Fetch user ID,share_link*
kuaishou,GET,/api/v1/kuaishou/web/fetch_kuaishou_hot_list_v1,获取快手热榜 V1/Fetch Kuaishou Hot List V1,
kuaishou,GET,/api/v1/kuaishou/web/fetch_kuaishou_hot_list_v2,获取快手热榜 V2/Fetch Kuaishou Hot List V2,board_type
kuaishou,GET,/api/v1/kuaishou/web/fetch_one_video,获取单个作品数据 V1/Get single video data V1,share_text*
kuaishou,GET,/api/v1/kuaishou/web/fetch_one_video_by_url,链接获取作品数据/Fetch single video by URL,url*
kuaishou,GET,/api/v1/kuaishou/web/fetch_one_video_comment,获取作品一级评论/Fetch video comments,photo_id* | pcursor
kuaishou,GET,/api/v1/kuaishou/web/fetch_one_video_sub_comment,获取作品二级评论/Fetch video sub comments,photo_id* | pcursor | root_comment_id*
kuaishou,GET,/api/v1/kuaishou/web/fetch_one_video_v2,获取单个作品数据 V2/Get single video data V2,photo_id*
kuaishou,GET,/api/v1/kuaishou/web/fetch_user_collect,获取用户收藏作品/Fetch user collect,user_id* | pcursor
kuaishou,GET,/api/v1/kuaishou/web/fetch_user_info,获取用户信息/Fetch user info,user_id*
kuaishou,GET,/api/v1/kuaishou/web/fetch_user_live_replay,获取用户直播回放/Fetch user live replay,user_id* | pcursor
kuaishou,GET,/api/v1/kuaishou/web/generate_share_short_url,生成分享短连接/Generate share short URL,photo_id*
